run_id,record_view,split,tier_scope,route_role,trade_index,direction,open_time,close_time,hold_bars,volume,open_price,close_price,gross_profit,net_profit,swap,commission,mfe,mae,realized_over_mfe,session_slice,volatility_regime,trend_regime,adx_bucket,spread_regime
run03M_et_session_age_regime_probe_v1,mt5_b000060_tier_a_only_validation_is,validation,Tier A,tier_only_total,1,buy,2025-04-02 16:35:00,2025-04-02 17:20:00,9,0.1,19239.4,19383.7,14.43,14.43,0,0,20.042,0.695,0.719988,early,vol_high,downtrend,adx_gt25,spread_low
run03M_et_session_age_regime_probe_v1,mt5_b000060_tier_a_only_validation_is,validation,Tier A,tier_only_total,2,buy,2025-04-03 16:35:00,2025-04-03 17:20:00,9,0.1,18872.8,18710.1,-16.27,-16.27,0,0,2.068,18.22,-7.8675,early,vol_high,downtrend,adx_gt25,spread_low
run03M_et_session_age_regime_probe_v1,mt5_b000060_tier_a_only_validation_is,validation,Tier A,tier_only_total,3,buy,2025-04-04 16:35:00,2025-04-04 17:20:00,9,0.1,17987.4,17842.6,-14.48,-14.48,0,0,6.88,22.057,-2.10465,early,vol_high,range_or_weak_trend,adx_lt20,spread_low
run03M_et_session_age_regime_probe_v1,mt5_b000060_tier_a_only_validation_is,validation,Tier A,tier_only_total,4,buy,2025-04-07 16:40:00,2025-04-07 17:25:00,9,0.1,16675.9,17291.2,61.53,61.53,0,0,151.328,17.075,0.4066,early,vol_high,downtrend,adx_20_25,spread_low
run03M_et_session_age_regime_probe_v1,mt5_b000060_tier_a_only_validation_is,validation,Tier A,tier_only_total,5,buy,2025-04-08 16:35:00,2025-04-08 17:20:00,9,0.1,18004.6,18150.4,14.58,14.58,0,0,17.592,10.808,0.828786,early,vol_high,downtrend,adx_gt25,spread_low
run03M_et_session_age_regime_probe_v1,mt5_b000060_tier_a_only_validation_is,validation,Tier A,tier_only_total,6,buy,2025-04-08 17:25:00,2025-04-09 17:15:00,286,0.1,18124.2,17200.5,-92.37,-92.68,-0.31,0,6.518,155.058,-14.2191,early,vol_high,downtrend,adx_gt25,spread_low
run03M_et_session_age_regime_probe_v1,mt5_b000060_tier_a_only_validation_is,validation,Tier A,tier_only_total,7,buy,2025-04-09 17:20:00,2025-04-10 17:10:00,286,0.1,17271.5,18514.4,124.3,123.99,-0.31,0,195.086,22.385,0.635566,early,vol_high,downtrend,adx_gt25,spread_low
run03M_et_session_age_regime_probe_v1,mt5_b000060_tier_a_only_validation_is,validation,Tier A,tier_only_total,8,buy,2025-04-10 17:15:00,2025-04-11 17:05:00,286,0.1,18460.2,18339.8,-12.04,-12.35,-0.31,0,17.893,69.982,-0.690214,early,vol_high,range_or_weak_trend,adx_lt20,spread_low
run03M_et_session_age_regime_probe_v1,mt5_b000060_tier_a_only_validation_is,validation,Tier A,tier_only_total,9,buy,2025-04-11 17:10:00,2025-04-14 16:40:00,858,0.1,18429,18949.5,52.05,51.12,-0.93,0,67.63,31.42,0.755878,early,vol_high,range_or_weak_trend,adx_lt20,spread_low
run03M_et_session_age_regime_probe_v1,mt5_b000060_tier_a_only_validation_is,validation,Tier A,tier_only_total,10,sell,2025-04-14 16:40:00,2025-04-14 17:25:00,9,0.1,18949.5,18956,-0.65,-0.65,0,0,11.1,7.6,-0.0585586,early,vol_high,downtrend,adx_gt25,spread_low
run03M_et_session_age_regime_probe_v1,mt5_b000060_tier_a_only_validation_is,validation,Tier A,tier_only_total,11,sell,2025-04-16 16:55:00,2025-04-17 16:45:00,286,0.1,18408.8,18275.7,13.31,13.39,0.08,0,43.712,18.088,0.306323,early,vol_mid,downtrend,adx_gt25,spread_low
run03M_et_session_age_regime_probe_v1,mt5_b000060_tier_a_only_validation_is,validation,Tier A,tier_only_total,12,buy,2025-04-17 17:00:00,2025-04-21 16:50:00,1150,0.1,18326.2,17972.7,-35.36,-36.6,-1.24,0,5.743,40.767,-6.37298,early,vol_high,range_or_weak_trend,adx_lt20,spread_low
run03M_et_session_age_regime_probe_v1,mt5_b000060_tier_a_only_validation_is,validation,Tier A,tier_only_total,13,sell,2025-04-21 17:00:00,2025-04-22 16:45:00,285,0.1,17863.6,18083.3,-21.98,-21.9,0.08,0,29.363,21.978,-0.745837,early,vol_high,downtrend,adx_20_25,spread_low
run03M_et_session_age_regime_probe_v1,mt5_b000060_tier_a_only_validation_is,validation,Tier A,tier_only_total,14,buy,2025-04-22 16:45:00,2025-04-23 16:35:00,286,0.1,18083.3,18861.5,77.81,77.5,-0.31,0,79.763,1.232,0.971628,early,vol_mid,downtrend,adx_gt25,spread_low
run03M_et_session_age_regime_probe_v1,mt5_b000060_tier_a_only_validation_is,validation,Tier A,tier_only_total,15,buy,2025-04-23 16:40:00,2025-04-23 17:25:00,9,0.1,18868.2,18936.3,6.82,6.82,0,0,14.255,1.97,0.478429,early,vol_mid,downtrend,adx_gt25,spread_low
run03M_et_session_age_regime_probe_v1,mt5_b000060_tier_a_only_validation_is,validation,Tier A,tier_only_total,16,buy,2025-04-24 16:45:00,2025-04-25 16:35:00,286,0.1,18832.4,19205.7,37.33,37.02,-0.31,0,54.343,0.295,0.681228,early,vol_mid,downtrend,adx_gt25,spread_low
run03M_et_session_age_regime_probe_v1,mt5_b000060_tier_a_only_validation_is,validation,Tier A,tier_only_total,17,sell,2025-04-28 16:35:00,2025-04-28 16:45:00,2,0.1,19383.7,19485.3,-10.16,-10.16,0,0,1.288,10.2,-7.8882,early,vol_mid,downtrend,adx_20_25,spread_low
run03M_et_session_age_regime_probe_v1,mt5_b000060_tier_a_only_validation_is,validation,Tier A,tier_only_total,18,buy,2025-04-28 16:45:00,2025-04-28 17:00:00,3,0.1,19485.3,19351.8,-13.35,-13.35,0,0,2.418,14.37,-5.52109,early,vol_high,downtrend,adx_20_25,spread_low
run03M_et_session_age_regime_probe_v1,mt5_b000060_tier_a_only_validation_is,validation,Tier A,tier_only_total,19,sell,2025-04-28 17:00:00,2025-04-29 16:50:00,286,0.1,19351.8,19406.1,-5.43,-5.35,0.08,0,20.65,16.858,-0.25908,early,vol_high,downtrend,adx_20_25,spread_low
run03M_et_session_age_regime_probe_v1,mt5_b000060_tier_a_only_validation_is,validation,Tier A,tier_only_total,20,buy,2025-04-29 16:55:00,2025-04-30 16:45:00,286,0.1,19401.5,19070.4,-33.1,-33.41,-0.31,0,17.58,37.492,-1.90046,early,vol_high,downtrend,adx_gt25,spread_low
run03M_et_session_age_regime_probe_v1,mt5_b000060_tier_a_only_validation_is,validation,Tier A,tier_only_total,21,sell,2025-04-30 17:10:00,2025-05-01 17:00:00,286,0.1,19107.9,19768.1,-66.02,-65.94,0.08,0,1.963,82.036,-33.5914,early,vol_high,downtrend,adx_gt25,spread_low
run03M_et_session_age_regime_probe_v1,mt5_b000060_tier_a_only_validation_is,validation,Tier A,tier_only_total,22,buy,2025-05-02 16:35:00,2025-05-02 17:20:00,9,0.1,19983.5,20042.5,5.91,5.91,0,0,8.505,6.783,0.694885,early,vol_mid,downtrend,adx_gt25,spread_low
run03M_et_session_age_regime_probe_v1,mt5_b000060_tier_a_only_validation_is,validation,Tier A,tier_only_total,23,sell,2025-05-06 16:55:00,2025-05-07 16:45:00,286,0.1,19659.9,19834,-17.42,-17.34,0.08,0,1.425,37.774,-12.1684,early,vol_mid,downtrend,adx_gt25,spread_low
run03M_et_session_age_regime_probe_v1,mt5_b000060_tier_a_only_validation_is,validation,Tier A,tier_only_total,24,sell,2025-05-08 16:40:00,2025-05-08 17:25:00,9,0.1,20015,19977.2,3.78,3.78,0,0,7.838,3.3,0.482266,early,vol_mid,downtrend,adx_gt25,spread_low
run03M_et_session_age_regime_probe_v1,mt5_b000060_tier_a_only_validation_is,validation,Tier A,tier_only_total,25,sell,2025-05-12 16:35:00,2025-05-12 17:20:00,9,0.1,20724.3,20741,-1.67,-1.67,0,0,5.9,4.437,-0.283051,early,vol_high,range_or_weak_trend,adx_lt20,spread_low
run03M_et_session_age_regime_probe_v1,mt5_b000060_tier_a_only_validation_is,validation,Tier A,tier_only_total,26,buy,2025-05-13 16:35:00,2025-05-13 17:25:00,10,0.1,20960.3,21138.3,17.81,17.81,0,0,20.292,0.22,0.877686,early,vol_low,downtrend,adx_gt25,spread_low
run03M_et_session_age_regime_probe_v1,mt5_b000060_tier_a_only_validation_is,validation,Tier A,tier_only_total,27,buy,2025-05-14 16:35:00,2025-05-14 16:50:00,3,0.1,21320,21232,-8.8,-8.8,0,0,0.817,11.833,-10.7711,early,vol_mid,downtrend,adx_20_25,spread_low
run03M_et_session_age_regime_probe_v1,mt5_b000060_tier_a_only_validation_is,validation,Tier A,tier_only_total,28,sell,2025-05-14 16:50:00,2025-05-15 16:40:00,286,0.1,21232,21218.7,1.33,1.41,0.08,0,11.736,11.062,0.120143,early,vol_mid,downtrend,adx_20_25,spread_low
run03M_et_session_age_regime_probe_v1,mt5_b000060_tier_a_only_validation_is,validation,Tier A,tier_only_total,29,sell,2025-05-15 16:50:00,2025-05-16 16:40:00,286,0.1,21190.8,21360.1,-16.93,-16.85,0.08,0,1.088,26.137,-15.4871,early,vol_high,downtrend,adx_20_25,spread_low
run03M_et_session_age_regime_probe_v1,mt5_b000060_tier_a_only_validation_is,validation,Tier A,tier_only_total,30,sell,2025-05-29 16:40:00,2025-05-29 17:25:00,9,0.1,21516.4,21363.7,15.27,15.27,0,0,18.175,1.7,0.840165,early,vol_mid,downtrend,adx_20_25,spread_low
run03M_et_session_age_regime_probe_v1,mt5_b000060_tier_a_only_validation_is,validation,Tier A,tier_only_total,31,buy,2025-06-06 16:40:00,2025-06-06 17:25:00,9,0.1,21785.6,21797,1.14,1.14,0,0,4.518,1.457,0.252324,early,vol_mid,downtrend,adx_gt25,spread_low
run03M_et_session_age_regime_probe_v1,mt5_b000060_tier_a_only_validation_is,validation,Tier A,tier_only_total,32,sell,2025-06-11 16:35:00,2025-06-11 17:20:00,9,0.1,21952.2,21999.9,-4.77,-4.77,0,0,5.575,5.112,-0.855605,early,vol_high,downtrend,adx_gt25,spread_low
run03M_et_session_age_regime_probe_v1,mt5_b000060_tier_a_only_validation_is,validation,Tier A,tier_only_total,33,buy,2025-06-13 16:50:00,2025-06-16 16:40:00,862,0.1,21739.7,21857,11.73,10.8,-0.93,0,12.744,21.124,0.847458,early,vol_mid,downtrend,adx_gt25,spread_low
run03M_et_session_age_regime_probe_v1,mt5_b000060_tier_a_only_validation_is,validation,Tier A,tier_only_total,34,buy,2025-06-20 16:35:00,2025-06-20 17:20:00,9,0.1,21865.6,21770.5,-9.51,-9.51,0,0,3.943,12.22,-2.41187,early,vol_low,downtrend,adx_gt25,spread_low
run03M_et_session_age_regime_probe_v1,mt5_b000060_tier_a_only_validation_is,validation,Tier A,tier_only_total,35,sell,2025-06-20 17:25:00,2025-06-23 17:15:00,862,0.1,21690.3,21765.8,-7.56,-7.32,0.24,0,31.601,8.652,-0.231638,early,vol_high,downtrend,adx_gt25,spread_low
run03M_et_session_age_regime_probe_v1,mt5_b000060_tier_b_fallback_only_validation_is,validation,Tier B,tier_b_fallback_only_total,1,sell,2025-05-22 16:35:00,2025-05-22 16:55:00,4,0.1,21059.4,21172.8,-11.35,-11.35,0,0,1,13.775,-11.35,early,feature_missing,feature_missing,feature_missing,spread_low
run03M_et_session_age_regime_probe_v1,mt5_b000060_tier_b_fallback_only_validation_is,validation,Tier B,tier_b_fallback_only_total,2,buy,2025-05-22 16:55:00,2025-05-22 17:05:00,2,0.1,21172.8,21244,7.12,7.12,0,0,8.23,0.933,0.865128,early,feature_missing,feature_missing,feature_missing,spread_low
run03M_et_session_age_regime_probe_v1,mt5_b000060_tier_b_fallback_only_validation_is,validation,Tier B,tier_b_fallback_only_total,3,sell,2025-05-22 17:05:00,2025-05-22 17:25:00,4,0.1,21244,21161,8.31,8.31,0,0,9.312,2.113,0.892397,early,feature_missing,feature_missing,feature_missing,spread_low
run03M_et_session_age_regime_probe_v1,mt5_b000060_tier_b_fallback_only_validation_is,validation,Tier B,tier_b_fallback_only_total,4,buy,2025-05-22 17:25:00,2025-05-23 17:15:00,286,0.1,21161,20908,-25.3,-25.61,-0.31,0,11.155,49.545,-2.29583,early,feature_missing,feature_missing,feature_missing,spread_low
run03M_et_session_age_regime_probe_v1,mt5_b000060_tier_b_fallback_only_validation_is,validation,Tier B,tier_b_fallback_only_total,5,buy,2025-05-23 17:20:00,2025-05-28 16:55:00,1435,0.1,20873.9,21442.1,56.82,55.27,-1.55,0,64.179,4.97,0.861185,early,feature_missing,feature_missing,feature_missing,spread_low
run03M_et_session_age_regime_probe_v1,mt5_b000060_tier_b_fallback_only_validation_is,validation,Tier B,tier_b_fallback_only_total,6,sell,2025-05-28 16:55:00,2025-05-30 17:25:00,582,0.1,21442.1,21326.5,11.56,11.72,0.16,0,26.079,37.056,0.449404,early,feature_missing,feature_missing,feature_missing,spread_low
run03M_et_session_age_regime_probe_v1,mt5_b000060_tier_b_fallback_only_validation_is,validation,Tier B,tier_b_fallback_only_total,7,buy,2025-05-30 17:25:00,2025-06-10 16:50:00,3161,0.1,21326.5,21850,52.35,48.94,-3.41,0,62.399,30.033,0.784307,early,feature_missing,feature_missing,feature_missing,spread_low
run03M_et_session_age_regime_probe_v1,mt5_b000060_tier_b_fallback_only_validation_is,validation,Tier B,tier_b_fallback_only_total,8,sell,2025-06-10 16:50:00,2025-06-30 23:59:58,5845.99,0.1,21850,22669.7,-81.97,-80.37,1.6,0,47.57,88.466,-1.68951,early,feature_missing,feature_missing,feature_missing,spread_low
run03M_et_session_age_regime_probe_v1,mt5_b000060_routed_total_validation_is,validation,Tier A+B,routed_total,1,buy,2025-04-02 16:35:00,2025-04-02 17:20:00,9,0.1,19239.4,19383.7,14.43,14.43,0,0,20.042,0.695,0.719988,early,vol_high,downtrend,adx_gt25,spread_low
run03M_et_session_age_regime_probe_v1,mt5_b000060_routed_total_validation_is,validation,Tier A+B,routed_total,2,buy,2025-04-03 16:35:00,2025-04-03 17:20:00,9,0.1,18872.8,18710.1,-16.27,-16.27,0,0,2.068,18.22,-7.8675,early,vol_high,downtrend,adx_gt25,spread_low
run03M_et_session_age_regime_probe_v1,mt5_b000060_routed_total_validation_is,validation,Tier A+B,routed_total,3,buy,2025-04-04 16:35:00,2025-04-04 17:20:00,9,0.1,17987.4,17842.6,-14.48,-14.48,0,0,6.88,22.057,-2.10465,early,vol_high,range_or_weak_trend,adx_lt20,spread_low
run03M_et_session_age_regime_probe_v1,mt5_b000060_routed_total_validation_is,validation,Tier A+B,routed_total,4,buy,2025-04-07 16:40:00,2025-04-07 17:25:00,9,0.1,16675.9,17291.2,61.53,61.53,0,0,151.328,17.075,0.4066,early,vol_high,downtrend,adx_20_25,spread_low
run03M_et_session_age_regime_probe_v1,mt5_b000060_routed_total_validation_is,validation,Tier A+B,routed_total,5,buy,2025-04-08 16:35:00,2025-04-08 17:20:00,9,0.1,18004.6,18150.4,14.58,14.58,0,0,17.592,10.808,0.828786,early,vol_high,downtrend,adx_gt25,spread_low
run03M_et_session_age_regime_probe_v1,mt5_b000060_routed_total_validation_is,validation,Tier A+B,routed_total,6,buy,2025-04-08 17:25:00,2025-04-09 17:15:00,286,0.1,18124.2,17200.5,-92.37,-92.68,-0.31,0,6.518,155.058,-14.2191,early,vol_high,downtrend,adx_gt25,spread_low
run03M_et_session_age_regime_probe_v1,mt5_b000060_routed_total_validation_is,validation,Tier A+B,routed_total,7,buy,2025-04-09 17:20:00,2025-04-10 17:10:00,286,0.1,17271.5,18514.4,124.3,123.99,-0.31,0,195.086,22.385,0.635566,early,vol_high,downtrend,adx_gt25,spread_low
run03M_et_session_age_regime_probe_v1,mt5_b000060_routed_total_validation_is,validation,Tier A+B,routed_total,8,buy,2025-04-10 17:15:00,2025-04-11 17:05:00,286,0.1,18460.2,18339.8,-12.04,-12.35,-0.31,0,17.893,69.982,-0.690214,early,vol_high,range_or_weak_trend,adx_lt20,spread_low
run03M_et_session_age_regime_probe_v1,mt5_b000060_routed_total_validation_is,validation,Tier A+B,routed_total,9,buy,2025-04-11 17:10:00,2025-04-14 16:40:00,858,0.1,18429,18949.5,52.05,51.12,-0.93,0,67.63,31.42,0.755878,early,vol_high,range_or_weak_trend,adx_lt20,spread_low
run03M_et_session_age_regime_probe_v1,mt5_b000060_routed_total_validation_is,validation,Tier A+B,routed_total,10,sell,2025-04-14 16:40:00,2025-04-14 17:25:00,9,0.1,18949.5,18956,-0.65,-0.65,0,0,11.1,7.6,-0.0585586,early,vol_high,downtrend,adx_gt25,spread_low
run03M_et_session_age_regime_probe_v1,mt5_b000060_routed_total_validation_is,validation,Tier A+B,routed_total,11,sell,2025-04-16 16:55:00,2025-04-17 16:45:00,286,0.1,18408.8,18275.7,13.31,13.39,0.08,0,43.712,18.088,0.306323,early,vol_mid,downtrend,adx_gt25,spread_low
run03M_et_session_age_regime_probe_v1,mt5_b000060_routed_total_validation_is,validation,Tier A+B,routed_total,12,buy,2025-04-17 17:00:00,2025-04-21 16:50:00,1150,0.1,18326.2,17972.7,-35.36,-36.6,-1.24,0,5.743,40.767,-6.37298,early,vol_high,range_or_weak_trend,adx_lt20,spread_low
run03M_et_session_age_regime_probe_v1,mt5_b000060_routed_total_validation_is,validation,Tier A+B,routed_total,13,sell,2025-04-21 17:00:00,2025-04-22 16:45:00,285,0.1,17863.6,18083.3,-21.98,-21.9,0.08,0,29.363,21.978,-0.745837,early,vol_high,downtrend,adx_20_25,spread_low
run03M_et_session_age_regime_probe_v1,mt5_b000060_routed_total_validation_is,validation,Tier A+B,routed_total,14,buy,2025-04-22 16:45:00,2025-04-23 16:35:00,286,0.1,18083.3,18861.5,77.81,77.5,-0.31,0,79.763,1.232,0.971628,early,vol_mid,downtrend,adx_gt25,spread_low
run03M_et_session_age_regime_probe_v1,mt5_b000060_routed_total_validation_is,validation,Tier A+B,routed_total,15,buy,2025-04-23 16:40:00,2025-04-23 17:25:00,9,0.1,18868.2,18936.3,6.82,6.82,0,0,14.255,1.97,0.478429,early,vol_mid,downtrend,adx_gt25,spread_low
run03M_et_session_age_regime_probe_v1,mt5_b000060_routed_total_validation_is,validation,Tier A+B,routed_total,16,buy,2025-04-24 16:45:00,2025-04-25 16:35:00,286,0.1,18832.4,19205.7,37.33,37.02,-0.31,0,54.343,0.295,0.681228,early,vol_mid,downtrend,adx_gt25,spread_low
run03M_et_session_age_regime_probe_v1,mt5_b000060_routed_total_validation_is,validation,Tier A+B,routed_total,17,sell,2025-04-28 16:35:00,2025-04-28 16:45:00,2,0.1,19383.7,19485.3,-10.16,-10.16,0,0,1.288,10.2,-7.8882,early,vol_mid,downtrend,adx_20_25,spread_low
run03M_et_session_age_regime_probe_v1,mt5_b000060_routed_total_validation_is,validation,Tier A+B,routed_total,18,buy,2025-04-28 16:45:00,2025-04-28 17:00:00,3,0.1,19485.3,19351.8,-13.35,-13.35,0,0,2.418,14.37,-5.52109,early,vol_high,downtrend,adx_20_25,spread_low
run03M_et_session_age_regime_probe_v1,mt5_b000060_routed_total_validation_is,validation,Tier A+B,routed_total,19,sell,2025-04-28 17:00:00,2025-04-29 16:50:00,286,0.1,19351.8,19406.1,-5.43,-5.35,0.08,0,20.65,16.858,-0.25908,early,vol_high,downtrend,adx_20_25,spread_low
run03M_et_session_age_regime_probe_v1,mt5_b000060_routed_total_validation_is,validation,Tier A+B,routed_total,20,buy,2025-04-29 16:55:00,2025-04-30 16:45:00,286,0.1,19401.5,19070.4,-33.1,-33.41,-0.31,0,17.58,37.492,-1.90046,early,vol_high,downtrend,adx_gt25,spread_low
run03M_et_session_age_regime_probe_v1,mt5_b000060_routed_total_validation_is,validation,Tier A+B,routed_total,21,sell,2025-04-30 17:10:00,2025-05-01 17:00:00,286,0.1,19107.9,19768.1,-66.02,-65.94,0.08,0,1.963,82.036,-33.5914,early,vol_high,downtrend,adx_gt25,spread_low
run03M_et_session_age_regime_probe_v1,mt5_b000060_routed_total_validation_is,validation,Tier A+B,routed_total,22,buy,2025-05-02 16:35:00,2025-05-02 17:20:00,9,0.1,19983.5,20042.5,5.91,5.91,0,0,8.505,6.783,0.694885,early,vol_mid,downtrend,adx_gt25,spread_low
run03M_et_session_age_regime_probe_v1,mt5_b000060_routed_total_validation_is,validation,Tier A+B,routed_total,23,sell,2025-05-06 16:55:00,2025-05-07 16:45:00,286,0.1,19659.9,19834,-17.42,-17.34,0.08,0,1.425,37.774,-12.1684,early,vol_mid,downtrend,adx_gt25,spread_low
run03M_et_session_age_regime_probe_v1,mt5_b000060_routed_total_validation_is,validation,Tier A+B,routed_total,24,sell,2025-05-08 16:40:00,2025-05-08 17:25:00,9,0.1,20015,19977.2,3.78,3.78,0,0,7.838,3.3,0.482266,early,vol_mid,downtrend,adx_gt25,spread_low
run03M_et_session_age_regime_probe_v1,mt5_b000060_routed_total_validation_is,validation,Tier A+B,routed_total,25,sell,2025-05-12 16:35:00,2025-05-12 17:20:00,9,0.1,20724.3,20741,-1.67,-1.67,0,0,5.9,4.437,-0.283051,early,vol_high,range_or_weak_trend,adx_lt20,spread_low
run03M_et_session_age_regime_probe_v1,mt5_b000060_routed_total_validation_is,validation,Tier A+B,routed_total,26,buy,2025-05-13 16:35:00,2025-05-13 17:20:00,9,0.1,20960.3,21137.9,17.77,17.77,0,0,20.292,0.22,0.875715,early,vol_low,downtrend,adx_gt25,spread_low
run03M_et_session_age_regime_probe_v1,mt5_b000060_routed_total_validation_is,validation,Tier A+B,routed_total,27,buy,2025-05-14 16:35:00,2025-05-14 16:50:00,3,0.1,21320,21232,-8.8,-8.8,0,0,0.817,11.833,-10.7711,early,vol_mid,downtrend,adx_20_25,spread_low
run03M_et_session_age_regime_probe_v1,mt5_b000060_routed_total_validation_is,validation,Tier A+B,routed_total,28,sell,2025-05-14 16:50:00,2025-05-15 16:40:00,286,0.1,21232,21218.7,1.33,1.41,0.08,0,11.736,11.062,0.120143,early,vol_mid,downtrend,adx_20_25,spread_low
run03M_et_session_age_regime_probe_v1,mt5_b000060_routed_total_validation_is,validation,Tier A+B,routed_total,29,sell,2025-05-15 16:50:00,2025-05-16 16:40:00,286,0.1,21190.8,21360.1,-16.93,-16.85,0.08,0,1.088,26.137,-15.4871,early,vol_high,downtrend,adx_20_25,spread_low
run03M_et_session_age_regime_probe_v1,mt5_b000060_routed_total_validation_is,validation,Tier A+B,routed_total,30,sell,2025-05-22 16:35:00,2025-05-22 16:55:00,4,0.1,21059.4,21172.8,-11.35,-11.35,0,0,1,13.775,-11.35,early,feature_missing,feature_missing,feature_missing,spread_low
run03M_et_session_age_regime_probe_v1,mt5_b000060_routed_total_validation_is,validation,Tier A+B,routed_total,31,buy,2025-05-22 16:55:00,2025-05-22 17:05:00,2,0.1,21172.8,21244,7.12,7.12,0,0,8.23,0.933,0.865128,early,feature_missing,feature_missing,feature_missing,spread_low
run03M_et_session_age_regime_probe_v1,mt5_b000060_routed_total_validation_is,validation,Tier A+B,routed_total,32,sell,2025-05-22 17:05:00,2025-05-22 17:25:00,4,0.1,21244,21161,8.31,8.31,0,0,9.312,2.113,0.892397,early,feature_missing,feature_missing,feature_missing,spread_low
run03M_et_session_age_regime_probe_v1,mt5_b000060_routed_total_validation_is,validation,Tier A+B,routed_total,33,buy,2025-05-22 17:25:00,2025-05-23 17:15:00,286,0.1,21161,20908,-25.3,-25.61,-0.31,0,11.155,49.545,-2.29583,early,feature_missing,feature_missing,feature_missing,spread_low
run03M_et_session_age_regime_probe_v1,mt5_b000060_routed_total_validation_is,validation,Tier A+B,routed_total,34,buy,2025-05-23 17:20:00,2025-05-27 17:10:00,1150,0.1,20873.9,21298.1,42.42,41.18,-1.24,0,43.405,4.97,0.948739,early,feature_missing,feature_missing,feature_missing,spread_low
run03M_et_session_age_regime_probe_v1,mt5_b000060_routed_total_validation_is,validation,Tier A+B,routed_total,35,sell,2025-05-28 16:55:00,2025-05-29 16:45:00,286,0.1,21442.1,21481.8,-3.97,-3.89,0.08,0,15.872,37.056,-0.245086,early,feature_missing,feature_missing,feature_missing,spread_low
run03M_et_session_age_regime_probe_v1,mt5_b000060_routed_total_validation_is,validation,Tier A+B,routed_total,36,sell,2025-05-29 16:50:00,2025-05-30 16:40:00,286,0.1,21445.4,21273.3,17.2,17.28,0.08,0,26.408,6.562,0.654347,early,vol_mid,downtrend,adx_gt25,spread_low
run03M_et_session_age_regime_probe_v1,mt5_b000060_routed_total_validation_is,validation,Tier A+B,routed_total,37,buy,2025-05-30 17:25:00,2025-06-02 17:15:00,862,0.1,21326.5,21273.7,-5.28,-6.21,-0.93,0,9.394,30.033,-0.66106,early,feature_missing,feature_missing,feature_missing,spread_low
run03M_et_session_age_regime_probe_v1,mt5_b000060_routed_total_validation_is,validation,Tier A+B,routed_total,38,buy,2025-06-06 16:40:00,2025-06-06 17:25:00,9,0.1,21785.6,21797,1.14,1.14,0,0,4.518,1.457,0.252324,early,vol_mid,downtrend,adx_gt25,spread_low
run03M_et_session_age_regime_probe_v1,mt5_b000060_routed_total_validation_is,validation,Tier A+B,routed_total,39,sell,2025-06-10 16:50:00,2025-06-11 16:40:00,286,0.1,21850,21977.4,-12.74,-12.66,0.08,0,12.95,22.371,-0.977606,early,feature_missing,feature_missing,feature_missing,spread_low
run03M_et_session_age_regime_probe_v1,mt5_b000060_routed_total_validation_is,validation,Tier A+B,routed_total,40,sell,2025-06-11 16:50:00,2025-06-12 16:40:00,286,0.1,21933.8,21852.9,8.09,8.17,0.08,0,23.41,11.263,0.348996,early,vol_high,downtrend,adx_gt25,spread_low
run03M_et_session_age_regime_probe_v1,mt5_b000060_routed_total_validation_is,validation,Tier A+B,routed_total,41,buy,2025-06-13 16:50:00,2025-06-16 16:40:00,862,0.1,21739.7,21857,11.73,10.8,-0.93,0,12.744,21.124,0.847458,early,vol_mid,downtrend,adx_gt25,spread_low
run03M_et_session_age_regime_probe_v1,mt5_b000060_routed_total_validation_is,validation,Tier A+B,routed_total,42,buy,2025-06-20 16:35:00,2025-06-20 17:20:00,9,0.1,21865.6,21770.5,-9.51,-9.51,0,0,3.943,12.22,-2.41187,early,vol_low,downtrend,adx_gt25,spread_low
run03M_et_session_age_regime_probe_v1,mt5_b000060_routed_total_validation_is,validation,Tier A+B,routed_total,43,sell,2025-06-20 17:25:00,2025-06-23 17:15:00,862,0.1,21690.3,21765.8,-7.56,-7.32,0.24,0,31.601,8.652,-0.231638,early,vol_high,downtrend,adx_gt25,spread_low
run03M_et_session_age_regime_probe_v1,mt5_b060120_tier_a_only_validation_is,validation,Tier A,tier_only_total,1,buy,2025-04-04 17:55:00,2025-04-07 17:40:00,861,0.1,17636,17015.1,-62.09,-63.02,-0.93,0,55.319,134.684,-1.13921,early,vol_high,downtrend,adx_20_25,spread_low
run03M_et_session_age_regime_probe_v1,mt5_b060120_tier_a_only_validation_is,validation,Tier A,tier_only_total,2,buy,2025-04-07 17:45:00,2025-04-08 17:30:00,285,0.1,17276.2,18117.2,84.1,83.79,-0.31,0,91.327,28.995,0.917472,early,vol_high,downtrend,adx_20_25,spread_low
run03M_et_session_age_regime_probe_v1,mt5_b060120_tier_a_only_validation_is,validation,Tier A,tier_only_total,3,buy,2025-04-08 17:35:00,2025-04-08 18:15:00,8,0.1,18147.9,17886.7,-26.12,-26.12,0,0,1.655,28.308,-15.7825,early,vol_high,downtrend,adx_gt25,spread_low
run03M_et_session_age_regime_probe_v1,mt5_b060120_tier_a_only_validation_is,validation,Tier A,tier_only_total,4,sell,2025-04-08 18:15:00,2025-04-09 17:30:00,279,0.1,17886.7,17282.8,60.38,60.46,0.08,0,131.301,8.2,0.460469,early,vol_high,downtrend,adx_gt25,spread_low
run03M_et_session_age_regime_probe_v1,mt5_b060120_tier_a_only_validation_is,validation,Tier A,tier_only_total,5,buy,2025-04-09 17:30:00,2025-04-09 18:15:00,9,0.1,17282.8,17187.7,-9.52,-9.52,0,0,10.655,23.523,-0.893477,early,vol_high,downtrend,adx_gt25,spread_low
run03M_et_session_age_regime_probe_v1,mt5_b060120_tier_a_only_validation_is,validation,Tier A,tier_only_total,6,buy,2025-04-09 18:20:00,2025-04-10 18:05:00,285,0.1,17251.2,18434.2,118.3,117.99,-0.31,0,197.111,14.882,0.598597,early,vol_high,downtrend,adx_gt25,spread_low
run03M_et_session_age_regime_probe_v1,mt5_b060120_tier_a_only_validation_is,validation,Tier A,tier_only_total,7,buy,2025-04-10 18:10:00,2025-04-11 17:55:00,285,0.1,18509.1,18311.7,-19.75,-20.06,-0.31,0,12.47,74.87,-1.60866,early,vol_high,range_or_weak_trend,adx_lt20,spread_low
run03M_et_session_age_regime_probe_v1,mt5_b060120_tier_a_only_validation_is,validation,Tier A,tier_only_total,8,buy,2025-04-11 18:20:00,2025-04-14 18:05:00,861,0.1,18199.4,18942.9,74.35,73.42,-0.93,0,90.593,3.157,0.810438,early,vol_high,range_or_weak_trend,adx_lt20,spread_low
run03M_et_session_age_regime_probe_v1,mt5_b060120_tier_a_only_validation_is,validation,Tier A,tier_only_total,9,sell,2025-04-21 17:30:00,2025-04-21 18:15:00,9,0.1,17794.8,17759.1,3.57,3.57,0,0,3.963,6.2,0.900833,early,vol_high,downtrend,adx_gt25,spread_low
run03M_et_session_age_regime_probe_v1,mt5_b060120_tier_a_only_validation_is,validation,Tier A,tier_only_total,10,buy,2025-04-24 17:30:00,2025-04-24 18:20:00,10,0.1,19018.1,19055.4,3.73,3.73,0,0,6.705,5.345,0.556301,early,vol_mid,downtrend,adx_gt25,spread_low
run03M_et_session_age_regime_probe_v1,mt5_b060120_tier_a_only_validation_is,validation,Tier A,tier_only_total,11,sell,2025-04-28 18:25:00,2025-04-29 18:10:00,285,0.1,19240.6,19477.5,-23.69,-23.61,0.08,0,9.525,27.983,-2.47874,mid,vol_high,downtrend,adx_gt25,spread_low
run03M_et_session_age_regime_probe_v1,mt5_b060120_tier_a_only_validation_is,validation,Tier A,tier_only_total,12,buy,2025-04-30 17:45:00,2025-05-01 17:30:00,285,0.1,19234.1,19892.2,65.81,65.5,-0.31,0,69.416,5.808,0.943586,early,vol_high,downtrend,adx_gt25,spread_low
run03M_et_session_age_regime_probe_v1,mt5_b060120_tier_a_only_validation_is,validation,Tier A,tier_only_total,13,sell,2025-06-20 17:45:00,2025-06-23 17:30:00,861,0.1,21655.8,21769.1,-11.33,-11.09,0.24,0,28.151,13.927,-0.393947,early,vol_high,downtrend,adx_gt25,spread_low
run03M_et_session_age_regime_probe_v1,mt5_b060120_tier_b_fallback_only_validation_is,validation,Tier B,tier_b_fallback_only_total,1,buy,2025-04-24 18:10:00,2025-05-22 17:50:00,8060,0.1,19045.4,21159.9,211.45,202.77,-8.68,0,244.741,5.076,0.828509,early,feature_missing,feature_missing,feature_missing,spread_low
run03M_et_session_age_regime_probe_v1,mt5_b060120_tier_b_fallback_only_validation_is,validation,Tier B,tier_b_fallback_only_total,2,buy,2025-05-22 18:00:00,2025-05-23 17:45:00,285,0.1,21168.1,20903.2,-26.49,-26.8,-0.31,0,10.442,50.258,-2.56656,early,feature_missing,feature_missing,feature_missing,spread_low
run03M_et_session_age_regime_probe_v1,mt5_b060120_tier_b_fallback_only_validation_is,validation,Tier B,tier_b_fallback_only_total,3,buy,2025-05-23 17:50:00,2025-05-28 17:50:00,1440,0.1,20906.9,21406.6,49.97,48.42,-1.55,0,60.879,8.27,0.795348,early,feature_missing,feature_missing,feature_missing,spread_low
run03M_et_session_age_regime_probe_v1,mt5_b060120_tier_b_fallback_only_validation_is,validation,Tier B,tier_b_fallback_only_total,4,sell,2025-06-20 17:40:00,2025-06-26 18:25:00,1737,0.1,21724,22397.3,-67.33,-66.85,0.48,0,34.976,67.922,-1.91131,early,feature_missing,feature_missing,feature_missing,spread_low
run03M_et_session_age_regime_probe_v1,mt5_b060120_routed_total_validation_is,validation,Tier A+B,routed_total,1,buy,2025-04-04 17:55:00,2025-04-07 17:40:00,861,0.1,17636,17015.1,-62.09,-63.02,-0.93,0,55.319,134.684,-1.13921,early,vol_high,downtrend,adx_20_25,spread_low
run03M_et_session_age_regime_probe_v1,mt5_b060120_routed_total_validation_is,validation,Tier A+B,routed_total,2,buy,2025-04-07 17:45:00,2025-04-08 17:30:00,285,0.1,17276.2,18117.2,84.1,83.79,-0.31,0,91.327,28.995,0.917472,early,vol_high,downtrend,adx_20_25,spread_low
run03M_et_session_age_regime_probe_v1,mt5_b060120_routed_total_validation_is,validation,Tier A+B,routed_total,3,buy,2025-04-08 17:35:00,2025-04-08 18:15:00,8,0.1,18147.9,17886.7,-26.12,-26.12,0,0,1.655,28.308,-15.7825,early,vol_high,downtrend,adx_gt25,spread_low
run03M_et_session_age_regime_probe_v1,mt5_b060120_routed_total_validation_is,validation,Tier A+B,routed_total,4,sell,2025-04-08 18:15:00,2025-04-09 17:30:00,279,0.1,17886.7,17282.8,60.38,60.46,0.08,0,131.301,8.2,0.460469,early,vol_high,downtrend,adx_gt25,spread_low
run03M_et_session_age_regime_probe_v1,mt5_b060120_routed_total_validation_is,validation,Tier A+B,routed_total,5,buy,2025-04-09 17:30:00,2025-04-09 18:15:00,9,0.1,17282.8,17187.7,-9.52,-9.52,0,0,10.655,23.523,-0.893477,early,vol_high,downtrend,adx_gt25,spread_low
run03M_et_session_age_regime_probe_v1,mt5_b060120_routed_total_validation_is,validation,Tier A+B,routed_total,6,buy,2025-04-09 18:20:00,2025-04-10 18:05:00,285,0.1,17251.2,18434.2,118.3,117.99,-0.31,0,197.111,14.882,0.598597,early,vol_high,downtrend,adx_gt25,spread_low
run03M_et_session_age_regime_probe_v1,mt5_b060120_routed_total_validation_is,validation,Tier A+B,routed_total,7,buy,2025-04-10 18:10:00,2025-04-11 17:55:00,285,0.1,18509.1,18311.7,-19.75,-20.06,-0.31,0,12.47,74.87,-1.60866,early,vol_high,range_or_weak_trend,adx_lt20,spread_low
run03M_et_session_age_regime_probe_v1,mt5_b060120_routed_total_validation_is,validation,Tier A+B,routed_total,8,buy,2025-04-11 18:20:00,2025-04-14 18:05:00,861,0.1,18199.4,18942.9,74.35,73.42,-0.93,0,90.593,3.157,0.810438,early,vol_high,range_or_weak_trend,adx_lt20,spread_low
run03M_et_session_age_regime_probe_v1,mt5_b060120_routed_total_validation_is,validation,Tier A+B,routed_total,9,sell,2025-04-21 17:30:00,2025-04-21 18:15:00,9,0.1,17794.8,17759.1,3.57,3.57,0,0,3.963,6.2,0.900833,early,vol_high,downtrend,adx_gt25,spread_low
run03M_et_session_age_regime_probe_v1,mt5_b060120_routed_total_validation_is,validation,Tier A+B,routed_total,10,buy,2025-04-24 17:30:00,2025-04-24 18:15:00,9,0.1,19018.1,19070.9,5.28,5.28,0,0,6.705,5.345,0.787472,early,vol_mid,downtrend,adx_gt25,spread_low
run03M_et_session_age_regime_probe_v1,mt5_b060120_routed_total_validation_is,validation,Tier A+B,routed_total,11,sell,2025-04-28 18:25:00,2025-04-29 18:10:00,285,0.1,19240.6,19477.5,-23.69,-23.61,0.08,0,9.525,27.983,-2.47874,mid,vol_high,downtrend,adx_gt25,spread_low
run03M_et_session_age_regime_probe_v1,mt5_b060120_routed_total_validation_is,validation,Tier A+B,routed_total,12,buy,2025-04-30 17:45:00,2025-05-01 17:30:00,285,0.1,19234.1,19892.2,65.81,65.5,-0.31,0,69.416,5.808,0.943586,early,vol_high,downtrend,adx_gt25,spread_low
run03M_et_session_age_regime_probe_v1,mt5_b060120_routed_total_validation_is,validation,Tier A+B,routed_total,13,buy,2025-05-22 17:30:00,2025-05-22 18:15:00,9,0.1,21170.3,21164.4,-0.6,-0.6,0,0,3.005,6.795,-0.199667,early,feature_missing,feature_missing,feature_missing,spread_low
run03M_et_session_age_regime_probe_v1,mt5_b060120_routed_total_validation_is,validation,Tier A+B,routed_total,14,buy,2025-05-22 18:20:00,2025-05-23 18:05:00,285,0.1,21172.2,20870.5,-30.17,-30.48,-0.31,0,10.03,50.67,-3.03888,early,feature_missing,feature_missing,feature_missing,spread_low
run03M_et_session_age_regime_probe_v1,mt5_b060120_routed_total_validation_is,validation,Tier A+B,routed_total,15,buy,2025-05-23 18:20:00,2025-05-27 18:05:00,1149,0.1,20866.8,21316.5,44.97,43.73,-1.24,0,47.04,0.982,0.929634,early,feature_missing,feature_missing,feature_missing,spread_low
run03M_et_session_age_regime_probe_v1,mt5_b060120_routed_total_validation_is,validation,Tier A+B,routed_total,16,sell,2025-06-20 17:40:00,2025-06-20 18:25:00,9,0.1,21724,21634.7,8.93,8.93,0,0,17.325,1.312,0.51544,early,feature_missing,feature_missing,feature_missing,spread_low
run03M_et_session_age_regime_probe_v1,mt5_b120180_tier_a_only_validation_is,validation,Tier A,tier_only_total,1,buy,2025-04-04 18:30:00,2025-04-04 19:15:00,9,0.1,17764,17760.1,-0.4,-0.4,0,0,7.855,9.583,-0.050923,mid,vol_high,range_or_weak_trend,adx_lt20,spread_low
run03M_et_session_age_regime_probe_v1,mt5_b120180_tier_a_only_validation_is,validation,Tier A,tier_only_total,2,buy,2025-04-04 19:20:00,2025-04-07 18:30:00,854,0.1,17629.6,17030,-59.97,-60.9,-0.93,0,55.957,134.046,-1.08834,mid,vol_high,range_or_weak_trend,adx_lt20,spread_low
run03M_et_session_age_regime_probe_v1,mt5_b120180_tier_a_only_validation_is,validation,Tier A,tier_only_total,3,sell,2025-04-07 18:30:00,2025-04-07 18:35:00,1,0.1,17030,17130.9,-10.1,-10.1,0,0,0.075,13.95,-134.667,mid,vol_high,range_or_weak_trend,adx_lt20,spread_low
run03M_et_session_age_regime_probe_v1,mt5_b120180_tier_a_only_validation_is,validation,Tier A,tier_only_total,4,buy,2025-04-07 18:35:00,2025-04-07 19:00:00,5,0.1,17130.9,17221.6,9.07,9.07,0,0,26.555,0.495,0.341555,mid,vol_high,range_or_weak_trend,adx_lt20,spread_low
run03M_et_session_age_regime_probe_v1,mt5_b120180_tier_a_only_validation_is,validation,Tier A,tier_only_total,5,sell,2025-04-07 19:00:00,2025-04-08 18:40:00,284,0.1,17221.6,17929.2,-70.77,-70.69,0.08,0,17.575,96.785,-4.02219,mid,vol_high,range_or_weak_trend,adx_lt20,spread_low
run03M_et_session_age_regime_probe_v1,mt5_b120180_tier_a_only_validation_is,validation,Tier A,tier_only_total,6,buy,2025-04-08 18:40:00,2025-04-08 19:05:00,5,0.1,17929.2,17871,-5.82,-5.82,0,0,3.943,14.245,-1.47603,mid,vol_high,downtrend,adx_gt25,spread_low
run03M_et_session_age_regime_probe_v1,mt5_b120180_tier_a_only_validation_is,validation,Tier A,tier_only_total,7,sell,2025-04-08 19:05:00,2025-04-09 18:50:00,285,0.1,17871,17219.7,65.13,65.21,0.08,0,129.738,3.613,0.502628,mid,vol_high,downtrend,adx_gt25,spread_low
run03M_et_session_age_regime_probe_v1,mt5_b120180_tier_a_only_validation_is,validation,Tier A,tier_only_total,8,sell,2025-04-09 19:00:00,2025-04-10 18:45:00,285,0.1,17157.4,18241.2,-108.39,-108.31,0.08,0,3.9,206.493,-27.7718,mid,vol_high,downtrend,adx_20_25,spread_low
run03M_et_session_age_regime_probe_v1,mt5_b120180_tier_a_only_validation_is,validation,Tier A,tier_only_total,9,buy,2025-04-10 19:00:00,2025-04-11 18:45:00,285,0.1,18119.5,18353.8,23.43,23.12,-0.31,0,51.433,35.907,0.449517,mid,vol_high,downtrend,adx_gt25,spread_low
run03M_et_session_age_regime_probe_v1,mt5_b120180_tier_a_only_validation_is,validation,Tier A,tier_only_total,10,buy,2025-04-14 18:50:00,2025-04-14 18:55:00,1,0.1,18674.2,18693.5,1.93,1.93,0,0,2.38,2.033,0.810924,mid,vol_high,downtrend,adx_gt25,spread_low
run03M_et_session_age_regime_probe_v1,mt5_b120180_tier_a_only_validation_is,validation,Tier A,tier_only_total,11,sell,2025-04-14 18:55:00,2025-04-15 18:40:00,285,0.1,18693.5,18872.7,-17.92,-17.84,0.08,0,10.525,30.297,-1.69501,mid,vol_high,downtrend,adx_gt25,spread_low
run03M_et_session_age_regime_probe_v1,mt5_b120180_tier_a_only_validation_is,validation,Tier A,tier_only_total,12,sell,2025-04-17 18:30:00,2025-04-17 19:15:00,9,0.1,18195.9,18253.1,-5.72,-5.72,0,0,2.075,9.225,-2.75663,mid,vol_high,range_or_weak_trend,adx_lt20,spread_low
run03M_et_session_age_regime_probe_v1,mt5_b120180_tier_a_only_validation_is,validation,Tier A,tier_only_total,13,sell,2025-04-21 18:50:00,2025-04-22 18:35:00,285,0.1,17681.8,18227.5,-54.57,-54.49,0.08,0,11.188,57.521,-4.8704,mid,vol_high,downtrend,adx_gt25,spread_low
run03M_et_session_age_regime_probe_v1,mt5_b120180_tier_a_only_validation_is,validation,Tier A,tier_only_total,14,sell,2025-04-23 18:30:00,2025-04-23 19:15:00,9,0.1,18789.3,18704.8,8.46,8.46,0,0,11.75,3.638,0.72,mid,vol_high,downtrend,adx_gt25,spread_low
run03M_et_session_age_regime_probe_v1,mt5_b120180_tier_a_only_validation_is,validation,Tier A,tier_only_total,15,sell,2025-04-28 18:30:00,2025-04-28 19:15:00,9,0.1,19207.2,19178.2,2.91,2.91,0,0,4.263,6.887,0.682618,mid,vol_high,downtrend,adx_gt25,spread_low
run03M_et_session_age_regime_probe_v1,mt5_b120180_tier_b_fallback_only_validation_is,validation,Tier B,tier_b_fallback_only_total,1,buy,2025-05-22 18:35:00,2025-05-22 19:20:00,9,0.1,21173.7,21223,4.93,4.93,0,0,8.63,1.395,0.571263,mid,feature_missing,feature_missing,feature_missing,spread_low
run03M_et_session_age_regime_probe_v1,mt5_b120180_tier_b_fallback_only_validation_is,validation,Tier B,tier_b_fallback_only_total,2,sell,2025-05-23 18:30:00,2025-05-23 19:15:00,9,0.1,20898.1,20883.2,1.49,1.49,0,0,4.112,4.813,0.362354,mid,feature_missing,feature_missing,feature_missing,spread_low
run03M_et_session_age_regime_probe_v1,mt5_b120180_tier_b_fallback_only_validation_is,validation,Tier B,tier_b_fallback_only_total,3,sell,2025-05-23 19:20:00,2025-06-03 18:40:00,3160,0.1,20879.2,21637.3,-75.81,-74.93,0.88,0,1.06,93.342,-70.6887,mid,feature_missing,feature_missing,feature_missing,spread_low
run03M_et_session_age_regime_probe_v1,mt5_b120180_routed_total_validation_is,validation,Tier A+B,routed_total,1,buy,2025-04-04 18:30:00,2025-04-04 19:15:00,9,0.1,17764,17760.1,-0.4,-0.4,0,0,7.855,9.583,-0.050923,mid,vol_high,range_or_weak_trend,adx_lt20,spread_low
run03M_et_session_age_regime_probe_v1,mt5_b120180_routed_total_validation_is,validation,Tier A+B,routed_total,2,buy,2025-04-04 19:20:00,2025-04-07 18:30:00,854,0.1,17629.6,17030,-59.97,-60.9,-0.93,0,55.957,134.046,-1.08834,mid,vol_high,range_or_weak_trend,adx_lt20,spread_low
run03M_et_session_age_regime_probe_v1,mt5_b120180_routed_total_validation_is,validation,Tier A+B,routed_total,3,sell,2025-04-07 18:30:00,2025-04-07 18:35:00,1,0.1,17030,17130.9,-10.1,-10.1,0,0,0.075,13.95,-134.667,mid,vol_high,range_or_weak_trend,adx_lt20,spread_low
run03M_et_session_age_regime_probe_v1,mt5_b120180_routed_total_validation_is,validation,Tier A+B,routed_total,4,buy,2025-04-07 18:35:00,2025-04-07 19:00:00,5,0.1,17130.9,17221.6,9.07,9.07,0,0,26.555,0.495,0.341555,mid,vol_high,range_or_weak_trend,adx_lt20,spread_low
run03M_et_session_age_regime_probe_v1,mt5_b120180_routed_total_validation_is,validation,Tier A+B,routed_total,5,sell,2025-04-07 19:00:00,2025-04-08 18:40:00,284,0.1,17221.6,17929.2,-70.77,-70.69,0.08,0,17.575,96.785,-4.02219,mid,vol_high,range_or_weak_trend,adx_lt20,spread_low
run03M_et_session_age_regime_probe_v1,mt5_b120180_routed_total_validation_is,validation,Tier A+B,routed_total,6,buy,2025-04-08 18:40:00,2025-04-08 19:05:00,5,0.1,17929.2,17871,-5.82,-5.82,0,0,3.943,14.245,-1.47603,mid,vol_high,downtrend,adx_gt25,spread_low
run03M_et_session_age_regime_probe_v1,mt5_b120180_routed_total_validation_is,validation,Tier A+B,routed_total,7,sell,2025-04-08 19:05:00,2025-04-09 18:50:00,285,0.1,17871,17219.7,65.13,65.21,0.08,0,129.738,3.613,0.502628,mid,vol_high,downtrend,adx_gt25,spread_low
run03M_et_session_age_regime_probe_v1,mt5_b120180_routed_total_validation_is,validation,Tier A+B,routed_total,8,sell,2025-04-09 19:00:00,2025-04-10 18:45:00,285,0.1,17157.4,18241.2,-108.39,-108.31,0.08,0,3.9,206.493,-27.7718,mid,vol_high,downtrend,adx_20_25,spread_low
run03M_et_session_age_regime_probe_v1,mt5_b120180_routed_total_validation_is,validation,Tier A+B,routed_total,9,buy,2025-04-10 19:00:00,2025-04-11 18:45:00,285,0.1,18119.5,18353.8,23.43,23.12,-0.31,0,51.433,35.907,0.449517,mid,vol_high,downtrend,adx_gt25,spread_low
run03M_et_session_age_regime_probe_v1,mt5_b120180_routed_total_validation_is,validation,Tier A+B,routed_total,10,buy,2025-04-14 18:50:00,2025-04-14 18:55:00,1,0.1,18674.2,18693.5,1.93,1.93,0,0,2.38,2.033,0.810924,mid,vol_high,downtrend,adx_gt25,spread_low
run03M_et_session_age_regime_probe_v1,mt5_b120180_routed_total_validation_is,validation,Tier A+B,routed_total,11,sell,2025-04-14 18:55:00,2025-04-15 18:40:00,285,0.1,18693.5,18872.7,-17.92,-17.84,0.08,0,10.525,30.297,-1.69501,mid,vol_high,downtrend,adx_gt25,spread_low
run03M_et_session_age_regime_probe_v1,mt5_b120180_routed_total_validation_is,validation,Tier A+B,routed_total,12,sell,2025-04-17 18:30:00,2025-04-17 19:15:00,9,0.1,18195.9,18253.1,-5.72,-5.72,0,0,2.075,9.225,-2.75663,mid,vol_high,range_or_weak_trend,adx_lt20,spread_low
run03M_et_session_age_regime_probe_v1,mt5_b120180_routed_total_validation_is,validation,Tier A+B,routed_total,13,sell,2025-04-21 18:50:00,2025-04-22 18:35:00,285,0.1,17681.8,18227.5,-54.57,-54.49,0.08,0,11.188,57.521,-4.8704,mid,vol_high,downtrend,adx_gt25,spread_low
run03M_et_session_age_regime_probe_v1,mt5_b120180_routed_total_validation_is,validation,Tier A+B,routed_total,14,sell,2025-04-23 18:30:00,2025-04-23 19:15:00,9,0.1,18789.3,18704.8,8.46,8.46,0,0,11.75,3.638,0.72,mid,vol_high,downtrend,adx_gt25,spread_low
run03M_et_session_age_regime_probe_v1,mt5_b120180_routed_total_validation_is,validation,Tier A+B,routed_total,15,sell,2025-04-28 18:30:00,2025-04-28 19:15:00,9,0.1,19207.2,19178.2,2.91,2.91,0,0,4.263,6.887,0.682618,mid,vol_high,downtrend,adx_gt25,spread_low
run03M_et_session_age_regime_probe_v1,mt5_b120180_routed_total_validation_is,validation,Tier A+B,routed_total,16,buy,2025-05-22 18:35:00,2025-05-22 19:20:00,9,0.1,21173.7,21223,4.93,4.93,0,0,8.63,1.395,0.571263,mid,feature_missing,feature_missing,feature_missing,spread_low
run03M_et_session_age_regime_probe_v1,mt5_b120180_routed_total_validation_is,validation,Tier A+B,routed_total,17,sell,2025-05-23 18:30:00,2025-05-23 19:15:00,9,0.1,20898.1,20883.2,1.49,1.49,0,0,4.112,4.813,0.362354,mid,feature_missing,feature_missing,feature_missing,spread_low
run03M_et_session_age_regime_probe_v1,mt5_b120180_routed_total_validation_is,validation,Tier A+B,routed_total,18,sell,2025-05-23 19:20:00,2025-05-27 19:05:00,1149,0.1,20879.2,21359.5,-48.03,-47.71,0.32,0,1.06,48.222,-45.0094,mid,feature_missing,feature_missing,feature_missing,spread_low
run03M_et_session_age_regime_probe_v1,mt5_b180240_tier_a_only_validation_is,validation,Tier A,tier_only_total,1,sell,2025-04-03 19:55:00,2025-04-04 19:35:00,284,0.1,18694.2,17542.1,115.21,115.29,0.08,0,121.478,4.45,0.949061,mid,vol_high,range_or_weak_trend,adx_lt20,spread_low
run03M_et_session_age_regime_probe_v1,mt5_b180240_tier_a_only_validation_is,validation,Tier A,tier_only_total,2,buy,2025-04-04 19:35:00,2025-04-04 20:20:00,9,0.1,17542.1,17491.4,-5.07,-5.07,0,0,12.48,9.957,-0.40625,mid,vol_high,downtrend,adx_20_25,spread_low
run03M_et_session_age_regime_probe_v1,mt5_b180240_tier_a_only_validation_is,validation,Tier A,tier_only_total,3,buy,2025-04-08 19:35:00,2025-04-08 20:20:00,9,0.1,17665.5,17452,-21.35,-21.35,0,0,3.08,28.807,-6.93182,mid,vol_high,downtrend,adx_gt25,spread_low
run03M_et_session_age_regime_probe_v1,mt5_b180240_tier_a_only_validation_is,validation,Tier A,tier_only_total,4,buy,2025-04-09 20:05:00,2025-04-10 19:50:00,285,0.1,17532,18122.3,59.03,58.72,-0.31,0,169.036,27.157,0.347382,mid,vol_high,downtrend,adx_gt25,spread_low
run03M_et_session_age_regime_probe_v1,mt5_b180240_tier_a_only_validation_is,validation,Tier A,tier_only_total,5,buy,2025-04-10 19:55:00,2025-04-11 19:40:00,285,0.1,18068.2,18569.3,50.11,49.8,-0.31,0,56.558,19.12,0.880512,mid,vol_high,downtrend,adx_gt25,spread_low
run03M_et_session_age_regime_probe_v1,mt5_b180240_tier_a_only_validation_is,validation,Tier A,tier_only_total,6,buy,2025-04-11 19:45:00,2025-04-14 19:30:00,861,0.1,18597.6,18665.3,6.77,5.84,-0.93,0,50.768,16.145,0.115033,mid,vol_high,downtrend,adx_gt25,spread_low
run03M_et_session_age_regime_probe_v1,mt5_b180240_tier_a_only_validation_is,validation,Tier A,tier_only_total,7,sell,2025-04-22 20:25:00,2025-04-23 20:10:00,285,0.1,18161.6,18813.7,-65.2,-65.12,0.08,0,7.8,87.733,-8.34872,late,vol_high,downtrend,adx_gt25,spread_low
run03M_et_session_age_regime_probe_v1,mt5_b180240_tier_a_only_validation_is,validation,Tier A,tier_only_total,8,sell,2025-05-21 20:20:00,2025-05-27 20:05:00,1725,0.1,21310.5,21396.4,-8.59,-8.11,0.48,0,64.499,9.721,-0.125738,late,vol_mid,downtrend,adx_gt25,spread_low
run03M_et_session_age_regime_probe_v1,mt5_b180240_tier_a_only_validation_is,validation,Tier A,tier_only_total,9,sell,2025-05-30 19:40:00,2025-06-02 19:30:00,862,0.1,21103.4,21385.4,-28.2,-27.96,0.24,0,7.725,31.702,-3.61942,mid,vol_high,downtrend,adx_gt25,spread_low
run03M_et_session_age_regime_probe_v1,mt5_b180240_tier_a_only_validation_is,validation,Tier A,tier_only_total,10,sell,2025-06-05 19:50:00,2025-06-06 19:35:00,285,0.1,21691.2,21760.1,-6.89,-6.81,0.08,0,24.476,14.284,-0.278232,mid,vol_mid,downtrend,adx_20_25,spread_low
run03M_et_session_age_regime_probe_v1,mt5_b180240_tier_a_only_validation_is,validation,Tier A,tier_only_total,11,sell,2025-06-23 19:40:00,2025-06-23 20:25:00,9,0.1,21597.7,21761,-16.33,-16.33,0,0,2.875,16.763,-5.68,mid,vol_mid,downtrend,adx_gt25,spread_low
run03M_et_session_age_regime_probe_v1,mt5_b180240_tier_b_fallback_only_validation_is,validation,Tier B,tier_b_fallback_only_total,1,sell,2025-05-22 20:00:00,2025-05-23 19:45:00,285,0.1,21153.5,20918.2,23.53,23.61,0.08,0,48.8,11.9,0.483811,mid,feature_missing,feature_missing,feature_missing,spread_low
run03M_et_session_age_regime_probe_v1,mt5_b180240_tier_b_fallback_only_validation_is,validation,Tier B,tier_b_fallback_only_total,2,sell,2025-05-30 20:20:00,2025-06-04 19:50:00,1434,0.1,21127.3,21716.6,-58.93,-58.53,0.4,0,3.175,63.196,-18.4346,late,feature_missing,feature_missing,feature_missing,spread_low
run03M_et_session_age_regime_probe_v1,mt5_b180240_routed_total_validation_is,validation,Tier A+B,routed_total,1,sell,2025-04-03 19:55:00,2025-04-04 19:35:00,284,0.1,18694.2,17542.1,115.21,115.29,0.08,0,121.478,4.45,0.949061,mid,vol_high,range_or_weak_trend,adx_lt20,spread_low
run03M_et_session_age_regime_probe_v1,mt5_b180240_routed_total_validation_is,validation,Tier A+B,routed_total,2,buy,2025-04-04 19:35:00,2025-04-04 20:20:00,9,0.1,17542.1,17491.4,-5.07,-5.07,0,0,12.48,9.957,-0.40625,mid,vol_high,downtrend,adx_20_25,spread_low
run03M_et_session_age_regime_probe_v1,mt5_b180240_routed_total_validation_is,validation,Tier A+B,routed_total,3,buy,2025-04-08 19:35:00,2025-04-08 20:20:00,9,0.1,17665.5,17452,-21.35,-21.35,0,0,3.08,28.807,-6.93182,mid,vol_high,downtrend,adx_gt25,spread_low
run03M_et_session_age_regime_probe_v1,mt5_b180240_routed_total_validation_is,validation,Tier A+B,routed_total,4,buy,2025-04-09 20:05:00,2025-04-10 19:50:00,285,0.1,17532,18122.3,59.03,58.72,-0.31,0,169.036,27.157,0.347382,mid,vol_high,downtrend,adx_gt25,spread_low
run03M_et_session_age_regime_probe_v1,mt5_b180240_routed_total_validation_is,validation,Tier A+B,routed_total,5,buy,2025-04-10 19:55:00,2025-04-11 19:40:00,285,0.1,18068.2,18569.3,50.11,49.8,-0.31,0,56.558,19.12,0.880512,mid,vol_high,downtrend,adx_gt25,spread_low
run03M_et_session_age_regime_probe_v1,mt5_b180240_routed_total_validation_is,validation,Tier A+B,routed_total,6,buy,2025-04-11 19:45:00,2025-04-14 19:30:00,861,0.1,18597.6,18665.3,6.77,5.84,-0.93,0,50.768,16.145,0.115033,mid,vol_high,downtrend,adx_gt25,spread_low
run03M_et_session_age_regime_probe_v1,mt5_b180240_routed_total_validation_is,validation,Tier A+B,routed_total,7,sell,2025-04-22 20:25:00,2025-04-23 20:10:00,285,0.1,18161.6,18813.7,-65.2,-65.12,0.08,0,7.8,87.733,-8.34872,late,vol_high,downtrend,adx_gt25,spread_low
run03M_et_session_age_regime_probe_v1,mt5_b180240_routed_total_validation_is,validation,Tier A+B,routed_total,8,sell,2025-05-21 20:20:00,2025-05-22 20:05:00,285,0.1,21310.5,21147.2,16.33,16.41,0.08,0,33.446,0.1,0.490642,late,vol_mid,downtrend,adx_gt25,spread_low
run03M_et_session_age_regime_probe_v1,mt5_b180240_routed_total_validation_is,validation,Tier A+B,routed_total,9,sell,2025-05-23 19:30:00,2025-05-23 20:15:00,9,0.1,20904.5,20965.4,-6.1,-6.1,0,0,3.038,6.9,-2.0079,mid,feature_missing,feature_missing,feature_missing,spread_low
run03M_et_session_age_regime_probe_v1,mt5_b180240_routed_total_validation_is,validation,Tier A+B,routed_total,10,sell,2025-05-30 19:40:00,2025-05-30 20:25:00,9,0.1,21103.4,21122,-1.86,-1.86,0,0,7.725,4.075,-0.240777,mid,vol_high,downtrend,adx_gt25,spread_low
run03M_et_session_age_regime_probe_v1,mt5_b180240_routed_total_validation_is,validation,Tier A+B,routed_total,11,sell,2025-06-05 19:50:00,2025-06-06 19:35:00,285,0.1,21691.2,21760.1,-6.89,-6.81,0.08,0,24.476,14.284,-0.278232,mid,vol_mid,downtrend,adx_20_25,spread_low
run03M_et_session_age_regime_probe_v1,mt5_b180240_routed_total_validation_is,validation,Tier A+B,routed_total,12,sell,2025-06-23 19:40:00,2025-06-23 20:25:00,9,0.1,21597.7,21761,-16.33,-16.33,0,0,2.875,16.763,-5.68,mid,vol_mid,downtrend,adx_gt25,spread_low
run03M_et_session_age_regime_probe_v1,mt5_b240plus_tier_a_only_validation_is,validation,Tier A,tier_only_total,1,sell,2025-04-01 21:10:00,2025-04-01 22:00:00,10,0.1,19244.1,19268.1,-2.41,-2.41,0,0,4.012,2.838,-0.600698,late,vol_high,range_or_weak_trend,adx_lt20,spread_low
run03M_et_session_age_regime_probe_v1,mt5_b240plus_tier_a_only_validation_is,validation,Tier A,tier_only_total,2,sell,2025-04-02 21:10:00,2025-04-02 21:55:00,9,0.1,19506.4,19496.4,1.01,1.01,0,0,8.163,2.762,0.123729,late,vol_mid,downtrend,adx_gt25,spread_low
run03M_et_session_age_regime_probe_v1,mt5_b240plus_tier_a_only_validation_is,validation,Tier A,tier_only_total,3,buy,2025-04-04 20:50:00,2025-04-04 21:35:00,9,0.1,17675.4,17468.6,-20.68,-20.68,0,0,5.955,22.745,-3.47271,late,vol_high,range_or_weak_trend,adx_lt20,spread_low
run03M_et_session_age_regime_probe_v1,mt5_b240plus_tier_a_only_validation_is,validation,Tier A,tier_only_total,4,buy,2025-04-07 21:05:00,2025-04-07 21:50:00,9,0.1,17575,17479.8,-9.52,-9.52,0,0,7.48,15.832,-1.27273,late,vol_high,downtrend,adx_gt25,spread_low
run03M_et_session_age_regime_probe_v1,mt5_b240plus_tier_a_only_validation_is,validation,Tier A,tier_only_total,5,sell,2025-04-07 22:00:00,2025-04-08 20:30:00,270,0.1,17362,17342.9,1.91,1.99,0.08,0,12.513,82.747,0.159035,late,vol_high,downtrend,adx_20_25,spread_low
run03M_et_session_age_regime_probe_v1,mt5_b240plus_tier_a_only_validation_is,validation,Tier A,tier_only_total,6,buy,2025-04-08 20:30:00,2025-04-08 21:15:00,9,0.1,17342.9,17379.5,3.67,3.67,0,0,25.155,1.983,0.145895,late,vol_high,downtrend,adx_gt25,spread_low
run03M_et_session_age_regime_probe_v1,mt5_b240plus_tier_a_only_validation_is,validation,Tier A,tier_only_total,7,sell,2025-04-08 21:40:00,2025-04-09 20:30:00,274,0.1,17331.5,18235.8,-90.43,-90.35,0.08,0,75.788,128.985,-1.19214,late,vol_high,downtrend,adx_20_25,spread_low
run03M_et_session_age_regime_probe_v1,mt5_b240plus_tier_a_only_validation_is,validation,Tier A,tier_only_total,8,buy,2025-04-09 20:30:00,2025-04-09 21:15:00,9,0.1,18235.8,18704.7,46.88,46.88,0,0,60.342,3.448,0.776905,late,vol_high,downtrend,adx_gt25,spread_low
run03M_et_session_age_regime_probe_v1,mt5_b240plus_tier_a_only_validation_is,validation,Tier A,tier_only_total,9,buy,2025-04-09 21:20:00,2025-04-10 20:30:00,278,0.1,18709.8,18122,-58.78,-59.09,-0.31,0,51.248,94.942,-1.15302,late,vol_high,downtrend,adx_gt25,spread_low
run03M_et_session_age_regime_probe_v1,mt5_b240plus_tier_a_only_validation_is,validation,Tier A,tier_only_total,10,buy,2025-04-10 20:35:00,2025-04-10 21:20:00,9,0.1,18130.5,18235.3,10.48,10.48,0,0,30.33,0.732,0.345532,late,vol_high,downtrend,adx_gt25,spread_low
run03M_et_session_age_regime_probe_v1,mt5_b240plus_tier_a_only_validation_is,validation,Tier A,tier_only_total,11,buy,2025-04-10 21:25:00,2025-04-11 20:35:00,278,0.1,18372.8,18483.3,11.06,10.75,-0.31,0,26.108,45.892,0.411751,late,vol_high,downtrend,adx_20_25,spread_low
run03M_et_session_age_regime_probe_v1,mt5_b240plus_tier_a_only_validation_is,validation,Tier A,tier_only_total,12,sell,2025-04-16 20:45:00,2025-04-16 21:30:00,9,0.1,18268.3,18205.9,6.24,6.24,0,0,12.437,0,0.501729,late,vol_high,downtrend,adx_gt25,spread_low
run03M_et_session_age_regime_probe_v1,mt5_b240plus_tier_a_only_validation_is,validation,Tier A,tier_only_total,13,sell,2025-04-22 20:30:00,2025-04-22 21:15:00,9,0.1,18129.4,18181.7,-5.23,-5.23,0,0,4.575,5.525,-1.14317,late,vol_high,downtrend,adx_gt25,spread_low
run03M_et_session_age_regime_probe_v1,mt5_b240plus_tier_a_only_validation_is,validation,Tier A,tier_only_total,14,sell,2025-05-07 21:10:00,2025-05-07 21:55:00,9,0.1,19613.6,19695.9,-8.23,-8.23,0,0,2.588,15.337,-3.18006,late,vol_high,downtrend,adx_gt25,spread_low
run03M_et_session_age_regime_probe_v1,mt5_b240plus_tier_a_only_validation_is,validation,Tier A,tier_only_total,15,sell,2025-05-21 20:30:00,2025-05-21 21:15:00,9,0.1,21137.5,21169.4,-3.2,-3.2,0,0,4.363,12.387,-0.73344,late,vol_high,downtrend,adx_gt25,spread_low
run03M_et_session_age_regime_probe_v1,mt5_b240plus_tier_a_only_validation_is,validation,Tier A,tier_only_total,16,sell,2025-05-21 21:30:00,2025-05-27 21:00:00,1722,0.1,21173.7,21426.8,-25.3,-24.82,0.48,0,50.824,25.496,-0.488352,late,vol_high,downtrend,adx_gt25,spread_low
run03M_et_session_age_regime_probe_v1,mt5_b240plus_tier_a_only_validation_is,validation,Tier A,tier_only_total,17,sell,2025-06-11 21:15:00,2025-06-11 22:00:00,9,0.1,21812.2,21842.9,-3.07,-3.07,0,0,4.075,8.187,-0.753374,late,vol_mid,downtrend,adx_gt25,spread_low
run03M_et_session_age_regime_probe_v1,mt5_b240plus_tier_a_only_validation_is,validation,Tier A,tier_only_total,18,sell,2025-06-13 21:40:00,2025-06-16 20:55:00,855,0.1,21604.6,21941.9,-33.73,-33.49,0.24,0,7.616,38.337,-4.39732,late,vol_mid,downtrend,adx_gt25,spread_low
run03M_et_session_age_regime_probe_v1,mt5_b240plus_tier_b_fallback_only_validation_is,validation,Tier B,tier_b_fallback_only_total,1,sell,2025-04-01 21:25:00,2025-05-02 21:30:00,8929,0.1,19205.7,20143.2,-93.75,-91.27,2.48,0,291.651,95.508,-0.312943,late,feature_missing,feature_missing,feature_missing,spread_low
run03M_et_session_age_regime_probe_v1,mt5_b240plus_routed_total_validation_is,validation,Tier A+B,routed_total,1,sell,2025-04-01 21:10:00,2025-04-01 21:55:00,9,0.1,19244.1,19239.3,0.48,0.48,0,0,4.012,2.45,0.119641,late,vol_high,range_or_weak_trend,adx_lt20,spread_low
run03M_et_session_age_regime_probe_v1,mt5_b240plus_routed_total_validation_is,validation,Tier A+B,routed_total,2,sell,2025-04-02 21:10:00,2025-04-02 21:55:00,9,0.1,19506.4,19496.4,1.01,1.01,0,0,8.163,2.762,0.123729,late,vol_mid,downtrend,adx_gt25,spread_low
run03M_et_session_age_regime_probe_v1,mt5_b240plus_routed_total_validation_is,validation,Tier A+B,routed_total,3,buy,2025-04-04 20:50:00,2025-04-04 21:35:00,9,0.1,17675.4,17468.6,-20.68,-20.68,0,0,5.955,22.745,-3.47271,late,vol_high,range_or_weak_trend,adx_lt20,spread_low
run03M_et_session_age_regime_probe_v1,mt5_b240plus_routed_total_validation_is,validation,Tier A+B,routed_total,4,buy,2025-04-07 21:05:00,2025-04-07 21:50:00,9,0.1,17575,17479.8,-9.52,-9.52,0,0,7.48,15.832,-1.27273,late,vol_high,downtrend,adx_gt25,spread_low
run03M_et_session_age_regime_probe_v1,mt5_b240plus_routed_total_validation_is,validation,Tier A+B,routed_total,5,sell,2025-04-07 22:00:00,2025-04-08 20:30:00,270,0.1,17362,17342.9,1.91,1.99,0.08,0,12.513,82.747,0.159035,late,vol_high,downtrend,adx_20_25,spread_low
run03M_et_session_age_regime_probe_v1,mt5_b240plus_routed_total_validation_is,validation,Tier A+B,routed_total,6,buy,2025-04-08 20:30:00,2025-04-08 21:15:00,9,0.1,17342.9,17379.5,3.67,3.67,0,0,25.155,1.983,0.145895,late,vol_high,downtrend,adx_gt25,spread_low
run03M_et_session_age_regime_probe_v1,mt5_b240plus_routed_total_validation_is,validation,Tier A+B,routed_total,7,sell,2025-04-08 21:40:00,2025-04-09 20:30:00,274,0.1,17331.5,18235.8,-90.43,-90.35,0.08,0,75.788,128.985,-1.19214,late,vol_high,downtrend,adx_20_25,spread_low
run03M_et_session_age_regime_probe_v1,mt5_b240plus_routed_total_validation_is,validation,Tier A+B,routed_total,8,buy,2025-04-09 20:30:00,2025-04-09 21:15:00,9,0.1,18235.8,18704.7,46.88,46.88,0,0,60.342,3.448,0.776905,late,vol_high,downtrend,adx_gt25,spread_low
run03M_et_session_age_regime_probe_v1,mt5_b240plus_routed_total_validation_is,validation,Tier A+B,routed_total,9,buy,2025-04-09 21:20:00,2025-04-10 20:30:00,278,0.1,18709.8,18122,-58.78,-59.09,-0.31,0,51.248,94.942,-1.15302,late,vol_high,downtrend,adx_gt25,spread_low
run03M_et_session_age_regime_probe_v1,mt5_b240plus_routed_total_validation_is,validation,Tier A+B,routed_total,10,buy,2025-04-10 20:35:00,2025-04-10 21:20:00,9,0.1,18130.5,18235.3,10.48,10.48,0,0,30.33,0.732,0.345532,late,vol_high,downtrend,adx_gt25,spread_low
run03M_et_session_age_regime_probe_v1,mt5_b240plus_routed_total_validation_is,validation,Tier A+B,routed_total,11,buy,2025-04-10 21:25:00,2025-04-11 20:35:00,278,0.1,18372.8,18483.3,11.06,10.75,-0.31,0,26.108,45.892,0.411751,late,vol_high,downtrend,adx_20_25,spread_low
run03M_et_session_age_regime_probe_v1,mt5_b240plus_routed_total_validation_is,validation,Tier A+B,routed_total,12,sell,2025-04-16 20:45:00,2025-04-16 21:30:00,9,0.1,18268.3,18205.9,6.24,6.24,0,0,12.437,0,0.501729,late,vol_high,downtrend,adx_gt25,spread_low
run03M_et_session_age_regime_probe_v1,mt5_b240plus_routed_total_validation_is,validation,Tier A+B,routed_total,13,sell,2025-04-22 20:30:00,2025-04-22 21:15:00,9,0.1,18129.4,18181.7,-5.23,-5.23,0,0,4.575,5.525,-1.14317,late,vol_high,downtrend,adx_gt25,spread_low
run03M_et_session_age_regime_probe_v1,mt5_b240plus_routed_total_validation_is,validation,Tier A+B,routed_total,14,sell,2025-05-07 21:10:00,2025-05-07 21:55:00,9,0.1,19613.6,19695.9,-8.23,-8.23,0,0,2.588,15.337,-3.18006,late,vol_high,downtrend,adx_gt25,spread_low
run03M_et_session_age_regime_probe_v1,mt5_b240plus_routed_total_validation_is,validation,Tier A+B,routed_total,15,sell,2025-05-21 20:30:00,2025-05-21 21:15:00,9,0.1,21137.5,21169.4,-3.2,-3.2,0,0,4.363,12.387,-0.73344,late,vol_high,downtrend,adx_gt25,spread_low
run03M_et_session_age_regime_probe_v1,mt5_b240plus_routed_total_validation_is,validation,Tier A+B,routed_total,16,sell,2025-05-21 21:30:00,2025-05-22 20:40:00,278,0.1,21173.7,21199.8,-2.61,-2.53,0.08,0,19.771,9.139,-0.127965,late,vol_high,downtrend,adx_gt25,spread_low
run03M_et_session_age_regime_probe_v1,mt5_b240plus_routed_total_validation_is,validation,Tier A+B,routed_total,17,sell,2025-06-11 21:15:00,2025-06-11 22:00:00,9,0.1,21812.2,21842.9,-3.07,-3.07,0,0,4.075,8.187,-0.753374,late,vol_mid,downtrend,adx_gt25,spread_low
run03M_et_session_age_regime_probe_v1,mt5_b240plus_routed_total_validation_is,validation,Tier A+B,routed_total,18,sell,2025-06-13 21:40:00,2025-06-16 20:50:00,854,0.1,21604.6,21954.2,-34.96,-34.72,0.24,0,7.616,38.337,-4.55882,late,vol_mid,downtrend,adx_gt25,spread_low
run03M_et_session_age_regime_probe_v1,mt5_b000060_tier_a_only_oos,oos,Tier A,tier_only_total,1,sell,2025-07-10 17:00:00,2025-07-11 16:50:00,286,0.1,22787,22766.5,2.06,2.14,0.08,0,12.638,9.112,0.169331,early,vol_low,downtrend,adx_gt25,spread_low
run03M_et_session_age_regime_probe_v1,mt5_b000060_tier_a_only_oos,oos,Tier A,tier_only_total,2,sell,2025-07-16 17:00:00,2025-07-17 16:55:00,287,0.1,22812.1,23001.5,-18.93,-18.85,0.08,0,13.112,19.277,-1.43761,early,vol_mid,downtrend,adx_gt25,spread_low
run03M_et_session_age_regime_probe_v1,mt5_b000060_tier_a_only_oos,oos,Tier A,tier_only_total,3,sell,2025-07-22 16:50:00,2025-07-23 16:45:00,287,0.1,23074.7,23063.2,1.15,1.23,0.08,0,10.288,7.218,0.119557,early,vol_mid,downtrend,adx_gt25,spread_low
run03M_et_session_age_regime_probe_v1,mt5_b000060_tier_a_only_oos,oos,Tier A,tier_only_total,4,sell,2025-07-31 16:35:00,2025-07-31 17:25:00,10,0.1,23564.2,23539.6,2.46,2.46,0,0,6.925,2.55,0.355235,early,vol_mid,downtrend,adx_20_25,spread_low
run03M_et_session_age_regime_probe_v1,mt5_b000060_tier_a_only_oos,oos,Tier A,tier_only_total,5,sell,2025-08-01 16:40:00,2025-08-01 17:25:00,9,0.1,22879.2,22855,2.43,2.43,0,0,19.25,0,0.126234,early,vol_high,downtrend,adx_gt25,spread_low
run03M_et_session_age_regime_probe_v1,mt5_b000060_tier_a_only_oos,oos,Tier A,tier_only_total,6,buy,2025-08-12 16:35:00,2025-08-12 17:20:00,9,0.1,23696.4,23650,-4.63,-4.63,0,0,2.517,15.895,-1.83949,early,vol_mid,downtrend,adx_gt25,spread_low
run03M_et_session_age_regime_probe_v1,mt5_b000060_tier_a_only_oos,oos,Tier A,tier_only_total,7,sell,2025-08-15 16:50:00,2025-08-18 16:40:00,862,0.1,23704.8,23735.7,-3.09,-2.85,0.24,0,4.887,10.569,-0.58318,early,vol_mid,downtrend,adx_gt25,spread_low
run03M_et_session_age_regime_probe_v1,mt5_b000060_tier_a_only_oos,oos,Tier A,tier_only_total,8,sell,2025-08-19 16:35:00,2025-08-19 17:20:00,9,0.1,23598.8,23631.5,-3.27,-3.27,0,0,2.662,6.35,-1.2284,early,vol_mid,downtrend,adx_gt25,spread_low
run03M_et_session_age_regime_probe_v1,mt5_b000060_tier_a_only_oos,oos,Tier A,tier_only_total,9,sell,2025-08-20 16:45:00,2025-08-21 16:35:00,286,0.1,23257.2,23176.7,8.05,8.13,0.08,0,28.75,4.525,0.282783,early,vol_low,range_or_weak_trend,adx_lt20,spread_low
run03M_et_session_age_regime_probe_v1,mt5_b000060_tier_a_only_oos,oos,Tier A,tier_only_total,10,buy,2025-08-22 17:05:00,2025-08-25 17:00:00,863,0.1,23421.1,23462,4.1,3.17,-0.93,0,16.28,3.317,0.194717,early,vol_high,range_or_weak_trend,adx_lt20,spread_low
run03M_et_session_age_regime_probe_v1,mt5_b000060_tier_a_only_oos,oos,Tier A,tier_only_total,11,sell,2025-08-27 16:50:00,2025-08-28 16:50:00,288,0.1,23448.4,23610.2,-16.19,-16.11,0.08,0,6.385,24.479,-2.5231,early,vol_low,downtrend,adx_gt25,spread_low
run03M_et_session_age_regime_probe_v1,mt5_b000060_tier_a_only_oos,oos,Tier A,tier_only_total,12,sell,2025-08-28 16:55:00,2025-08-29 16:45:00,286,0.1,23567.4,23553.4,1.4,1.48,0.08,0,4.313,18.637,0.343149,early,vol_mid,downtrend,adx_gt25,spread_low
run03M_et_session_age_regime_probe_v1,mt5_b000060_tier_a_only_oos,oos,Tier A,tier_only_total,13,sell,2025-08-29 16:50:00,2025-09-02 16:40:00,1150,0.1,23495.2,23097.8,39.74,40.06,0.32,0,50.648,3.225,0.790949,early,vol_mid,downtrend,adx_gt25,spread_low
run03M_et_session_age_regime_probe_v1,mt5_b000060_tier_a_only_oos,oos,Tier A,tier_only_total,14,buy,2025-09-02 16:50:00,2025-09-03 16:40:00,286,0.1,23162.6,23360.1,19.75,19.44,-0.31,0,26.151,17.27,0.743375,early,vol_mid,downtrend,adx_gt25,spread_low
run03M_et_session_age_regime_probe_v1,mt5_b000060_tier_a_only_oos,oos,Tier A,tier_only_total,15,sell,2025-09-10 16:35:00,2025-09-11 16:40:00,289,0.1,23941,23917,2.4,2.48,0.08,0,17.7,3.661,0.140113,early,vol_mid,downtrend,adx_gt25,spread_low
run03M_et_session_age_regime_probe_v1,mt5_b000060_tier_a_only_oos,oos,Tier A,tier_only_total,16,sell,2025-09-18 16:45:00,2025-09-19 16:40:00,287,0.1,24382.9,24515.2,-13.23,-13.15,0.08,0,2.537,19.1,-5.18329,early,vol_low,downtrend,adx_gt25,spread_low
run03M_et_session_age_regime_probe_v1,mt5_b000060_tier_a_only_oos,oos,Tier A,tier_only_total,17,sell,2025-09-25 16:35:00,2025-09-25 17:20:00,9,0.1,24295.7,24383.7,-8.8,-8.8,0,0,9.625,9.225,-0.914286,early,vol_mid,downtrend,adx_gt25,spread_low
run03M_et_session_age_regime_probe_v1,mt5_b000060_tier_b_fallback_only_oos,oos,Tier B,tier_b_fallback_only_total,1,sell,2025-07-17 16:50:00,2025-07-23 17:25:00,1735,0.1,22983.3,23046.7,-6.34,-5.86,0.48,0,2.137,29.911,-2.74216,early,feature_missing,feature_missing,feature_missing,spread_low
run03M_et_session_age_regime_probe_v1,mt5_b000060_tier_b_fallback_only_oos,oos,Tier B,tier_b_fallback_only_total,2,sell,2025-09-10 16:40:00,2025-09-16 16:35:00,1727,0.1,23918.8,24318.4,-39.97,-39.49,0.48,0,15.475,47.586,-2.55186,early,feature_missing,feature_missing,feature_missing,spread_low
run03M_et_session_age_regime_probe_v1,mt5_b000060_routed_total_oos,oos,Tier A+B,routed_total,1,sell,2025-07-10 17:00:00,2025-07-11 16:50:00,286,0.1,22787,22766.5,2.06,2.14,0.08,0,12.638,9.112,0.169331,early,vol_low,downtrend,adx_gt25,spread_low
run03M_et_session_age_regime_probe_v1,mt5_b000060_routed_total_oos,oos,Tier A+B,routed_total,2,sell,2025-07-16 17:00:00,2025-07-17 16:50:00,286,0.1,22812.1,22984.5,-17.23,-17.15,0.08,0,13.112,19.277,-1.30796,early,vol_mid,downtrend,adx_gt25,spread_low
run03M_et_session_age_regime_probe_v1,mt5_b000060_routed_total_oos,oos,Tier A+B,routed_total,3,sell,2025-07-22 16:50:00,2025-07-23 16:40:00,286,0.1,23074.7,23089.7,-1.5,-1.42,0.08,0,10.288,7.218,-0.138025,early,vol_mid,downtrend,adx_gt25,spread_low
run03M_et_session_age_regime_probe_v1,mt5_b000060_routed_total_oos,oos,Tier A+B,routed_total,4,sell,2025-07-31 16:35:00,2025-07-31 17:20:00,9,0.1,23564.2,23561,0.32,0.32,0,0,6.925,2.55,0.0462094,early,vol_mid,downtrend,adx_20_25,spread_low
run03M_et_session_age_regime_probe_v1,mt5_b000060_routed_total_oos,oos,Tier A+B,routed_total,5,sell,2025-08-01 16:40:00,2025-08-01 17:25:00,9,0.1,22879.2,22855,2.43,2.43,0,0,19.25,0,0.126234,early,vol_high,downtrend,adx_gt25,spread_low
run03M_et_session_age_regime_probe_v1,mt5_b000060_routed_total_oos,oos,Tier A+B,routed_total,6,buy,2025-08-12 16:35:00,2025-08-12 17:20:00,9,0.1,23696.4,23650,-4.63,-4.63,0,0,2.517,15.895,-1.83949,early,vol_mid,downtrend,adx_gt25,spread_low
run03M_et_session_age_regime_probe_v1,mt5_b000060_routed_total_oos,oos,Tier A+B,routed_total,7,sell,2025-08-15 16:50:00,2025-08-18 16:40:00,862,0.1,23704.8,23735.7,-3.09,-2.85,0.24,0,4.887,10.569,-0.58318,early,vol_mid,downtrend,adx_gt25,spread_low
run03M_et_session_age_regime_probe_v1,mt5_b000060_routed_total_oos,oos,Tier A+B,routed_total,8,sell,2025-08-19 16:35:00,2025-08-19 17:20:00,9,0.1,23598.8,23631.5,-3.27,-3.27,0,0,2.662,6.35,-1.2284,early,vol_mid,downtrend,adx_gt25,spread_low
run03M_et_session_age_regime_probe_v1,mt5_b000060_routed_total_oos,oos,Tier A+B,routed_total,9,sell,2025-08-20 16:45:00,2025-08-21 16:35:00,286,0.1,23257.2,23176.7,8.05,8.13,0.08,0,28.75,4.525,0.282783,early,vol_low,range_or_weak_trend,adx_lt20,spread_low
run03M_et_session_age_regime_probe_v1,mt5_b000060_routed_total_oos,oos,Tier A+B,routed_total,10,buy,2025-08-22 17:05:00,2025-08-25 16:55:00,862,0.1,23421.1,23430.1,0.91,-0.02,-0.93,0,16.28,3.317,-0.0012285,early,vol_high,range_or_weak_trend,adx_lt20,spread_low
run03M_et_session_age_regime_probe_v1,mt5_b000060_routed_total_oos,oos,Tier A+B,routed_total,11,sell,2025-08-27 16:50:00,2025-08-28 16:40:00,286,0.1,23448.4,23672,-22.36,-22.28,0.08,0,6.385,24.479,-3.48943,early,vol_low,downtrend,adx_gt25,spread_low
run03M_et_session_age_regime_probe_v1,mt5_b000060_routed_total_oos,oos,Tier A+B,routed_total,12,sell,2025-08-28 16:55:00,2025-08-29 16:45:00,286,0.1,23567.4,23553.4,1.4,1.48,0.08,0,4.313,18.637,0.343149,early,vol_mid,downtrend,adx_gt25,spread_low
run03M_et_session_age_regime_probe_v1,mt5_b000060_routed_total_oos,oos,Tier A+B,routed_total,13,sell,2025-08-29 16:50:00,2025-09-02 16:40:00,1150,0.1,23495.2,23097.8,39.74,40.06,0.32,0,50.648,3.225,0.790949,early,vol_mid,downtrend,adx_gt25,spread_low
run03M_et_session_age_regime_probe_v1,mt5_b000060_routed_total_oos,oos,Tier A+B,routed_total,14,buy,2025-09-02 16:50:00,2025-09-03 16:40:00,286,0.1,23162.6,23360.1,19.75,19.44,-0.31,0,26.151,17.27,0.743375,early,vol_mid,downtrend,adx_gt25,spread_low
run03M_et_session_age_regime_probe_v1,mt5_b000060_routed_total_oos,oos,Tier A+B,routed_total,15,sell,2025-09-10 16:35:00,2025-09-10 17:20:00,9,0.1,23941,23949.7,-0.87,-0.87,0,0,6.137,1.4,-0.141763,early,vol_mid,downtrend,adx_gt25,spread_low
run03M_et_session_age_regime_probe_v1,mt5_b000060_routed_total_oos,oos,Tier A+B,routed_total,16,sell,2025-09-11 16:55:00,2025-09-12 16:45:00,286,0.1,23952.1,24014.3,-6.22,-6.14,0.08,0,2.387,9.38,-2.57227,early,feature_missing,feature_missing,feature_missing,spread_low
run03M_et_session_age_regime_probe_v1,mt5_b000060_routed_total_oos,oos,Tier A+B,routed_total,17,sell,2025-09-15 16:55:00,2025-09-16 16:45:00,286,0.1,24235.1,24316.2,-8.11,-8.03,0.08,0,1.725,15.954,-4.65507,early,feature_missing,feature_missing,feature_missing,spread_low
run03M_et_session_age_regime_probe_v1,mt5_b000060_routed_total_oos,oos,Tier A+B,routed_total,18,sell,2025-09-18 16:45:00,2025-09-19 16:35:00,286,0.1,24382.9,24514.8,-13.19,-13.11,0.08,0,2.537,19.1,-5.16752,early,vol_low,downtrend,adx_gt25,spread_low
run03M_et_session_age_regime_probe_v1,mt5_b000060_routed_total_oos,oos,Tier A+B,routed_total,19,sell,2025-09-25 16:35:00,2025-09-25 17:20:00,9,0.1,24295.7,24383.7,-8.8,-8.8,0,0,9.625,9.225,-0.914286,early,vol_mid,downtrend,adx_gt25,spread_low
run03M_et_session_age_regime_probe_v1,mt5_b060120_tier_a_only_oos,oos,Tier A,tier_only_total,1,sell,2025-07-01 18:10:00,2025-07-02 18:00:00,286,0.1,22443.8,22618.9,-17.52,-17.44,0.08,0,5.262,19.385,-3.31433,early,vol_mid,downtrend,adx_gt25,spread_low
run03M_et_session_age_regime_probe_v1,mt5_b060120_tier_a_only_oos,oos,Tier A,tier_only_total,2,sell,2025-08-20 17:40:00,2025-08-20 18:25:00,9,0.1,23016.9,23150.9,-13.4,-13.4,0,0,4.725,13.475,-2.83598,early,vol_high,downtrend,adx_gt25,spread_low
run03M_et_session_age_regime_probe_v1,mt5_b060120_tier_a_only_oos,oos,Tier A,tier_only_total,3,buy,2025-08-22 17:45:00,2025-08-25 17:40:00,863,0.1,23556.6,23493.6,-6.29,-7.22,-0.93,0,2.73,16.867,-2.64469,early,vol_high,downtrend,adx_gt25,spread_low
run03M_et_session_age_regime_probe_v1,mt5_b060120_tier_a_only_oos,oos,Tier A,tier_only_total,4,sell,2025-09-05 17:30:00,2025-09-05 18:15:00,9,0.1,23621,23541.1,7.99,7.99,0,0,14.925,1.113,0.535343,early,vol_mid,downtrend,adx_20_25,spread_low
run03M_et_session_age_regime_probe_v1,mt5_b060120_tier_b_fallback_only_oos,oos,Tier B,tier_b_fallback_only_total,1,buy,2025-08-22 18:00:00,2025-08-27 17:55:00,1439,0.1,23538.6,23550.1,1.16,-0.39,-1.55,0,4.53,22.125,-0.0860927,early,feature_missing,feature_missing,feature_missing,spread_low
run03M_et_session_age_regime_probe_v1,mt5_b060120_routed_total_oos,oos,Tier A+B,routed_total,1,sell,2025-07-01 18:10:00,2025-07-02 17:55:00,285,0.1,22443.8,22624.2,-18.04,-17.96,0.08,0,5.262,19.385,-3.41315,early,vol_mid,downtrend,adx_gt25,spread_low
run03M_et_session_age_regime_probe_v1,mt5_b060120_routed_total_oos,oos,Tier A+B,routed_total,2,sell,2025-08-20 17:40:00,2025-08-20 18:25:00,9,0.1,23016.9,23150.9,-13.4,-13.4,0,0,4.725,13.475,-2.83598,early,vol_high,downtrend,adx_gt25,spread_low
run03M_et_session_age_regime_probe_v1,mt5_b060120_routed_total_oos,oos,Tier A+B,routed_total,3,buy,2025-08-22 17:45:00,2025-08-25 17:30:00,861,0.1,23556.6,23482.9,-7.37,-8.3,-0.93,0,2.73,16.867,-3.04029,early,vol_high,downtrend,adx_gt25,spread_low
run03M_et_session_age_regime_probe_v1,mt5_b060120_routed_total_oos,oos,Tier A+B,routed_total,4,sell,2025-09-05 17:30:00,2025-09-05 18:15:00,9,0.1,23621,23541.1,7.99,7.99,0,0,14.925,1.113,0.535343,early,vol_mid,downtrend,adx_20_25,spread_low
run03M_et_session_age_regime_probe_v1,mt5_b180240_tier_b_fallback_only_oos,oos,Tier B,tier_b_fallback_only_total,1,sell,2025-09-02 19:40:00,2025-09-08 20:00:00,1732,0.1,23036.2,23785.9,-74.98,-74.5,0.48,0,0.125,83.138,-596,mid,feature_missing,feature_missing,feature_missing,spread_low
run03M_et_session_age_regime_probe_v1,mt5_b180240_routed_total_oos,oos,Tier A+B,routed_total,1,sell,2025-09-02 19:40:00,2025-09-02 20:25:00,9,0.1,23036.2,23109.3,-7.31,-7.31,0,0,0.125,7.575,-58.48,mid,feature_missing,feature_missing,feature_missing,spread_low
run03M_et_session_age_regime_probe_v1,mt5_b240plus_tier_a_only_oos,oos,Tier A,tier_only_total,1,sell,2025-07-31 20:30:00,2025-07-31 21:15:00,9,0.1,23339.2,23238.9,10.03,10.03,0,0,10.15,4.125,0.988177,late,vol_low,downtrend,adx_gt25,spread_low
run03M_et_session_age_regime_probe_v1,mt5_b240plus_tier_a_only_oos,oos,Tier A,tier_only_total,2,sell,2025-07-31 21:20:00,2025-08-01 20:35:00,279,0.1,23239.4,22750.2,48.92,49,0.08,0,55.268,11.075,0.886589,late,vol_mid,downtrend,adx_gt25,spread_low
run03M_et_session_age_regime_probe_v1,mt5_b240plus_tier_a_only_oos,oos,Tier A,tier_only_total,3,sell,2025-09-17 21:40:00,2025-09-18 20:55:00,279,0.1,24079.9,24504.8,-42.49,-42.41,0.08,0,8.162,49.392,-5.19603,late,vol_high,downtrend,adx_20_25,spread_low
run03M_et_session_age_regime_probe_v1,mt5_b240plus_tier_b_fallback_only_oos,oos,Tier B,tier_b_fallback_only_total,1,sell,2025-08-20 21:20:00,2025-08-22 20:45:00,569,0.1,23137.7,23550.7,-41.3,-41.14,0.16,0,12.543,44.617,-3.27992,late,feature_missing,feature_missing,feature_missing,spread_low
run03M_et_session_age_regime_probe_v1,mt5_b240plus_tier_b_fallback_only_oos,oos,Tier B,tier_b_fallback_only_total,2,sell,2025-08-29 20:40:00,2025-09-02 21:25:00,1161,0.1,23387.4,23142.6,24.48,24.8,0.32,0,39.873,12.564,0.621975,late,feature_missing,feature_missing,feature_missing,spread_low
run03M_et_session_age_regime_probe_v1,mt5_b240plus_routed_total_oos,oos,Tier A+B,routed_total,1,sell,2025-07-31 20:30:00,2025-07-31 21:15:00,9,0.1,23339.2,23238.9,10.03,10.03,0,0,10.15,4.125,0.988177,late,vol_low,downtrend,adx_gt25,spread_low
run03M_et_session_age_regime_probe_v1,mt5_b240plus_routed_total_oos,oos,Tier A+B,routed_total,2,sell,2025-07-31 21:20:00,2025-08-01 20:30:00,278,0.1,23239.4,22738.8,50.06,50.14,0.08,0,55.268,11.075,0.907216,late,vol_mid,downtrend,adx_gt25,spread_low
run03M_et_session_age_regime_probe_v1,mt5_b240plus_routed_total_oos,oos,Tier A+B,routed_total,3,sell,2025-08-20 21:20:00,2025-08-21 20:30:00,278,0.1,23137.7,23081.2,5.65,5.73,0.08,0,8.424,16.475,0.680199,late,feature_missing,feature_missing,feature_missing,spread_low
run03M_et_session_age_regime_probe_v1,mt5_b240plus_routed_total_oos,oos,Tier A+B,routed_total,4,sell,2025-08-29 20:40:00,2025-08-29 21:25:00,9,0.1,23387.4,23405,-1.76,-1.76,0,0,0.412,4.125,-4.27184,late,feature_missing,feature_missing,feature_missing,spread_low
run03M_et_session_age_regime_probe_v1,mt5_b240plus_routed_total_oos,oos,Tier A+B,routed_total,5,sell,2025-09-17 21:40:00,2025-09-18 20:50:00,278,0.1,24079.9,24495.3,-41.54,-41.46,0.08,0,8.162,49.392,-5.07964,late,vol_high,downtrend,adx_20_25,spread_low
