run_id,source_variant_id,fold_id,attempt_name,split,wfo_split_role,tier_scope,route_role,tester_status,runtime_status,report_status,net_profit,profit_factor,trade_count,report_path
run03K_et_v01_wfo_fold07_mt5_v1,v01_base_leaf20_q90,fold07,tier_a_only_validation_is,validation_is,validation,Tier A,tier_only_total,completed,completed,completed,44.18,1.1,101,stages/12_model_family_challenge__extratrees_training_effect/02_runs/run03K_et_v01_wfo_fold07_mt5_v1/mt5/reports/Project_Obsidian_Prime_v2_run03K_et_v01_wfo_fold07_mt5_v1_tier_a_only_validation_is.htm
run03K_et_v01_wfo_fold07_mt5_v1,v01_base_leaf20_q90,fold07,tier_b_fallback_only_validation_is,validation_is,validation,Tier B,tier_b_fallback_only_total,completed,completed,completed,140.53,2.09,20,stages/12_model_family_challenge__extratrees_training_effect/02_runs/run03K_et_v01_wfo_fold07_mt5_v1/mt5/reports/Project_Obsidian_Prime_v2_run03K_et_v01_wfo_fold07_mt5_v1_tier_b_fallback_only_validation_is.htm
run03K_et_v01_wfo_fold07_mt5_v1,v01_base_leaf20_q90,fold07,routed_validation_is,validation_is,validation,Tier A+B,routed_total,completed,completed,completed,50.28,1.1,119,stages/12_model_family_challenge__extratrees_training_effect/02_runs/run03K_et_v01_wfo_fold07_mt5_v1/mt5/reports/Project_Obsidian_Prime_v2_run03K_et_v01_wfo_fold07_mt5_v1_routed_validation_is.htm
run03K_et_v01_wfo_fold07_mt5_v1,v01_base_leaf20_q90,fold07,tier_a_only_oos,oos,test,Tier A,tier_only_total,completed,completed,completed,187.72,1.48,116,stages/12_model_family_challenge__extratrees_training_effect/02_runs/run03K_et_v01_wfo_fold07_mt5_v1/mt5/reports/Project_Obsidian_Prime_v2_run03K_et_v01_wfo_fold07_mt5_v1_tier_a_only_oos.htm
run03K_et_v01_wfo_fold07_mt5_v1,v01_base_leaf20_q90,fold07,tier_b_fallback_only_oos,oos,test,Tier B,tier_b_fallback_only_total,completed,completed,completed,-146.68,0.68,45,stages/12_model_family_challenge__extratrees_training_effect/02_runs/run03K_et_v01_wfo_fold07_mt5_v1/mt5/reports/Project_Obsidian_Prime_v2_run03K_et_v01_wfo_fold07_mt5_v1_tier_b_fallback_only_oos.htm
run03K_et_v01_wfo_fold07_mt5_v1,v01_base_leaf20_q90,fold07,routed_oos,oos,test,Tier A+B,routed_total,completed,completed,completed,198.38,1.41,165,stages/12_model_family_challenge__extratrees_training_effect/02_runs/run03K_et_v01_wfo_fold07_mt5_v1/mt5/reports/Project_Obsidian_Prime_v2_run03K_et_v01_wfo_fold07_mt5_v1_routed_oos.htm
run03K_et_v02_wfo_fold07_mt5_v1,v02_dense_leaf10_q90,fold07,tier_a_only_validation_is,validation_is,validation,Tier A,tier_only_total,completed,completed,completed,93.56,1.21,105,stages/12_model_family_challenge__extratrees_training_effect/02_runs/run03K_et_v02_wfo_fold07_mt5_v1/mt5/reports/Project_Obsidian_Prime_v2_run03K_et_v02_wfo_fold07_mt5_v1_tier_a_only_validation_is.htm
run03K_et_v02_wfo_fold07_mt5_v1,v02_dense_leaf10_q90,fold07,tier_b_fallback_only_validation_is,validation_is,validation,Tier B,tier_b_fallback_only_total,completed,completed,completed,27.03,1.16,22,stages/12_model_family_challenge__extratrees_training_effect/02_runs/run03K_et_v02_wfo_fold07_mt5_v1/mt5/reports/Project_Obsidian_Prime_v2_run03K_et_v02_wfo_fold07_mt5_v1_tier_b_fallback_only_validation_is.htm
run03K_et_v02_wfo_fold07_mt5_v1,v02_dense_leaf10_q90,fold07,routed_validation_is,validation_is,validation,Tier A+B,routed_total,completed,completed,completed,108.86,1.24,123,stages/12_model_family_challenge__extratrees_training_effect/02_runs/run03K_et_v02_wfo_fold07_mt5_v1/mt5/reports/Project_Obsidian_Prime_v2_run03K_et_v02_wfo_fold07_mt5_v1_routed_validation_is.htm
run03K_et_v02_wfo_fold07_mt5_v1,v02_dense_leaf10_q90,fold07,tier_a_only_oos,oos,test,Tier A,tier_only_total,completed,completed,completed,51.62,1.09,134,stages/12_model_family_challenge__extratrees_training_effect/02_runs/run03K_et_v02_wfo_fold07_mt5_v1/mt5/reports/Project_Obsidian_Prime_v2_run03K_et_v02_wfo_fold07_mt5_v1_tier_a_only_oos.htm
run03K_et_v02_wfo_fold07_mt5_v1,v02_dense_leaf10_q90,fold07,tier_b_fallback_only_oos,oos,test,Tier B,tier_b_fallback_only_total,completed,completed,completed,153.52,1.46,37,stages/12_model_family_challenge__extratrees_training_effect/02_runs/run03K_et_v02_wfo_fold07_mt5_v1/mt5/reports/Project_Obsidian_Prime_v2_run03K_et_v02_wfo_fold07_mt5_v1_tier_b_fallback_only_oos.htm
run03K_et_v02_wfo_fold07_mt5_v1,v02_dense_leaf10_q90,fold07,routed_oos,oos,test,Tier A+B,routed_total,completed,completed,completed,59.4,1.09,169,stages/12_model_family_challenge__extratrees_training_effect/02_runs/run03K_et_v02_wfo_fold07_mt5_v1/mt5/reports/Project_Obsidian_Prime_v2_run03K_et_v02_wfo_fold07_mt5_v1_routed_oos.htm
run03K_et_v03_wfo_fold07_mt5_v1,v03_smooth_leaf40_q90,fold07,tier_a_only_validation_is,validation_is,validation,Tier A,tier_only_total,completed,completed,completed,96.27,1.25,87,stages/12_model_family_challenge__extratrees_training_effect/02_runs/run03K_et_v03_wfo_fold07_mt5_v1/mt5/reports/Project_Obsidian_Prime_v2_run03K_et_v03_wfo_fold07_mt5_v1_tier_a_only_validation_is.htm
run03K_et_v03_wfo_fold07_mt5_v1,v03_smooth_leaf40_q90,fold07,tier_b_fallback_only_validation_is,validation_is,validation,Tier B,tier_b_fallback_only_total,completed,completed,completed,37.91,1.19,22,stages/12_model_family_challenge__extratrees_training_effect/02_runs/run03K_et_v03_wfo_fold07_mt5_v1/mt5/reports/Project_Obsidian_Prime_v2_run03K_et_v03_wfo_fold07_mt5_v1_tier_b_fallback_only_validation_is.htm
run03K_et_v03_wfo_fold07_mt5_v1,v03_smooth_leaf40_q90,fold07,routed_validation_is,validation_is,validation,Tier A+B,routed_total,completed,completed,completed,120.8,1.28,106,stages/12_model_family_challenge__extratrees_training_effect/02_runs/run03K_et_v03_wfo_fold07_mt5_v1/mt5/reports/Project_Obsidian_Prime_v2_run03K_et_v03_wfo_fold07_mt5_v1_routed_validation_is.htm
run03K_et_v03_wfo_fold07_mt5_v1,v03_smooth_leaf40_q90,fold07,tier_a_only_oos,oos,test,Tier A,tier_only_total,completed,completed,completed,-12.01,0.97,104,stages/12_model_family_challenge__extratrees_training_effect/02_runs/run03K_et_v03_wfo_fold07_mt5_v1/mt5/reports/Project_Obsidian_Prime_v2_run03K_et_v03_wfo_fold07_mt5_v1_tier_a_only_oos.htm
run03K_et_v03_wfo_fold07_mt5_v1,v03_smooth_leaf40_q90,fold07,tier_b_fallback_only_oos,oos,test,Tier B,tier_b_fallback_only_total,completed,completed,completed,51.99,1.15,45,stages/12_model_family_challenge__extratrees_training_effect/02_runs/run03K_et_v03_wfo_fold07_mt5_v1/mt5/reports/Project_Obsidian_Prime_v2_run03K_et_v03_wfo_fold07_mt5_v1_tier_b_fallback_only_oos.htm
run03K_et_v03_wfo_fold07_mt5_v1,v03_smooth_leaf40_q90,fold07,routed_oos,oos,test,Tier A+B,routed_total,completed,completed,completed,34.56,1.06,148,stages/12_model_family_challenge__extratrees_training_effect/02_runs/run03K_et_v03_wfo_fold07_mt5_v1/mt5/reports/Project_Obsidian_Prime_v2_run03K_et_v03_wfo_fold07_mt5_v1_routed_oos.htm
run03K_et_v04_wfo_fold07_mt5_v1,v04_log2_features_leaf20_q90,fold07,tier_a_only_validation_is,validation_is,validation,Tier A,tier_only_total,completed,completed,completed,119.21,1.34,89,stages/12_model_family_challenge__extratrees_training_effect/02_runs/run03K_et_v04_wfo_fold07_mt5_v1/mt5/reports/Project_Obsidian_Prime_v2_run03K_et_v04_wfo_fold07_mt5_v1_tier_a_only_validation_is.htm
run03K_et_v04_wfo_fold07_mt5_v1,v04_log2_features_leaf20_q90,fold07,tier_b_fallback_only_validation_is,validation_is,validation,Tier B,tier_b_fallback_only_total,completed,completed,completed,-67.17,0.72,19,stages/12_model_family_challenge__extratrees_training_effect/02_runs/run03K_et_v04_wfo_fold07_mt5_v1/mt5/reports/Project_Obsidian_Prime_v2_run03K_et_v04_wfo_fold07_mt5_v1_tier_b_fallback_only_validation_is.htm
run03K_et_v04_wfo_fold07_mt5_v1,v04_log2_features_leaf20_q90,fold07,routed_validation_is,validation_is,validation,Tier A+B,routed_total,completed,completed,completed,192.39,1.46,108,stages/12_model_family_challenge__extratrees_training_effect/02_runs/run03K_et_v04_wfo_fold07_mt5_v1/mt5/reports/Project_Obsidian_Prime_v2_run03K_et_v04_wfo_fold07_mt5_v1_routed_validation_is.htm
run03K_et_v04_wfo_fold07_mt5_v1,v04_log2_features_leaf20_q90,fold07,tier_a_only_oos,oos,test,Tier A,tier_only_total,completed,completed,completed,49.66,1.1,122,stages/12_model_family_challenge__extratrees_training_effect/02_runs/run03K_et_v04_wfo_fold07_mt5_v1/mt5/reports/Project_Obsidian_Prime_v2_run03K_et_v04_wfo_fold07_mt5_v1_tier_a_only_oos.htm
run03K_et_v04_wfo_fold07_mt5_v1,v04_log2_features_leaf20_q90,fold07,tier_b_fallback_only_oos,oos,test,Tier B,tier_b_fallback_only_total,completed,completed,completed,47.61,1.17,36,stages/12_model_family_challenge__extratrees_training_effect/02_runs/run03K_et_v04_wfo_fold07_mt5_v1/mt5/reports/Project_Obsidian_Prime_v2_run03K_et_v04_wfo_fold07_mt5_v1_tier_b_fallback_only_oos.htm
run03K_et_v04_wfo_fold07_mt5_v1,v04_log2_features_leaf20_q90,fold07,routed_oos,oos,test,Tier A+B,routed_total,completed,completed,completed,84.8,1.15,157,stages/12_model_family_challenge__extratrees_training_effect/02_runs/run03K_et_v04_wfo_fold07_mt5_v1/mt5/reports/Project_Obsidian_Prime_v2_run03K_et_v04_wfo_fold07_mt5_v1_routed_oos.htm
run03K_et_v05_wfo_fold07_mt5_v1,v05_half_features_leaf20_q90,fold07,tier_a_only_validation_is,validation_is,validation,Tier A,tier_only_total,completed,completed,completed,91.99,1.24,89,stages/12_model_family_challenge__extratrees_training_effect/02_runs/run03K_et_v05_wfo_fold07_mt5_v1/mt5/reports/Project_Obsidian_Prime_v2_run03K_et_v05_wfo_fold07_mt5_v1_tier_a_only_validation_is.htm
run03K_et_v05_wfo_fold07_mt5_v1,v05_half_features_leaf20_q90,fold07,tier_b_fallback_only_validation_is,validation_is,validation,Tier B,tier_b_fallback_only_total,completed,completed,completed,71.27,1.55,21,stages/12_model_family_challenge__extratrees_training_effect/02_runs/run03K_et_v05_wfo_fold07_mt5_v1/mt5/reports/Project_Obsidian_Prime_v2_run03K_et_v05_wfo_fold07_mt5_v1_tier_b_fallback_only_validation_is.htm
run03K_et_v05_wfo_fold07_mt5_v1,v05_half_features_leaf20_q90,fold07,routed_validation_is,validation_is,validation,Tier A+B,routed_total,completed,completed,completed,143.67,1.35,110,stages/12_model_family_challenge__extratrees_training_effect/02_runs/run03K_et_v05_wfo_fold07_mt5_v1/mt5/reports/Project_Obsidian_Prime_v2_run03K_et_v05_wfo_fold07_mt5_v1_routed_validation_is.htm
run03K_et_v05_wfo_fold07_mt5_v1,v05_half_features_leaf20_q90,fold07,tier_a_only_oos,oos,test,Tier A,tier_only_total,completed,completed,completed,54.63,1.09,143,stages/12_model_family_challenge__extratrees_training_effect/02_runs/run03K_et_v05_wfo_fold07_mt5_v1/mt5/reports/Project_Obsidian_Prime_v2_run03K_et_v05_wfo_fold07_mt5_v1_tier_a_only_oos.htm
run03K_et_v05_wfo_fold07_mt5_v1,v05_half_features_leaf20_q90,fold07,tier_b_fallback_only_oos,oos,test,Tier B,tier_b_fallback_only_total,completed,completed,completed,-112.13,0.77,38,stages/12_model_family_challenge__extratrees_training_effect/02_runs/run03K_et_v05_wfo_fold07_mt5_v1/mt5/reports/Project_Obsidian_Prime_v2_run03K_et_v05_wfo_fold07_mt5_v1_tier_b_fallback_only_oos.htm
run03K_et_v05_wfo_fold07_mt5_v1,v05_half_features_leaf20_q90,fold07,routed_oos,oos,test,Tier A+B,routed_total,completed,completed,completed,98.12,1.15,175,stages/12_model_family_challenge__extratrees_training_effect/02_runs/run03K_et_v05_wfo_fold07_mt5_v1/mt5/reports/Project_Obsidian_Prime_v2_run03K_et_v05_wfo_fold07_mt5_v1_routed_oos.htm
run03K_et_v06_wfo_fold07_mt5_v1,v06_entropy_leaf20_q90,fold07,tier_a_only_validation_is,validation_is,validation,Tier A,tier_only_total,completed,completed,completed,135.3,1.36,96,stages/12_model_family_challenge__extratrees_training_effect/02_runs/run03K_et_v06_wfo_fold07_mt5_v1/mt5/reports/Project_Obsidian_Prime_v2_run03K_et_v06_wfo_fold07_mt5_v1_tier_a_only_validation_is.htm
run03K_et_v06_wfo_fold07_mt5_v1,v06_entropy_leaf20_q90,fold07,tier_b_fallback_only_validation_is,validation_is,validation,Tier B,tier_b_fallback_only_total,completed,completed,completed,101.66,1.81,18,stages/12_model_family_challenge__extratrees_training_effect/02_runs/run03K_et_v06_wfo_fold07_mt5_v1/mt5/reports/Project_Obsidian_Prime_v2_run03K_et_v06_wfo_fold07_mt5_v1_tier_b_fallback_only_validation_is.htm
run03K_et_v06_wfo_fold07_mt5_v1,v06_entropy_leaf20_q90,fold07,routed_validation_is,validation_is,validation,Tier A+B,routed_total,completed,completed,completed,188.37,1.46,113,stages/12_model_family_challenge__extratrees_training_effect/02_runs/run03K_et_v06_wfo_fold07_mt5_v1/mt5/reports/Project_Obsidian_Prime_v2_run03K_et_v06_wfo_fold07_mt5_v1_routed_validation_is.htm
run03K_et_v06_wfo_fold07_mt5_v1,v06_entropy_leaf20_q90,fold07,tier_a_only_oos,oos,test,Tier A,tier_only_total,completed,completed,completed,148.5,1.37,110,stages/12_model_family_challenge__extratrees_training_effect/02_runs/run03K_et_v06_wfo_fold07_mt5_v1/mt5/reports/Project_Obsidian_Prime_v2_run03K_et_v06_wfo_fold07_mt5_v1_tier_a_only_oos.htm
run03K_et_v06_wfo_fold07_mt5_v1,v06_entropy_leaf20_q90,fold07,tier_b_fallback_only_oos,oos,test,Tier B,tier_b_fallback_only_total,completed,completed,completed,-180.05,0.66,40,stages/12_model_family_challenge__extratrees_training_effect/02_runs/run03K_et_v06_wfo_fold07_mt5_v1/mt5/reports/Project_Obsidian_Prime_v2_run03K_et_v06_wfo_fold07_mt5_v1_tier_b_fallback_only_oos.htm
run03K_et_v06_wfo_fold07_mt5_v1,v06_entropy_leaf20_q90,fold07,routed_oos,oos,test,Tier A+B,routed_total,completed,completed,completed,147.39,1.29,155,stages/12_model_family_challenge__extratrees_training_effect/02_runs/run03K_et_v06_wfo_fold07_mt5_v1/mt5/reports/Project_Obsidian_Prime_v2_run03K_et_v06_wfo_fold07_mt5_v1_routed_oos.htm
run03K_et_v07_wfo_fold07_mt5_v1,v07_balanced_subsample_leaf20_q90,fold07,tier_a_only_validation_is,validation_is,validation,Tier A,tier_only_total,completed,completed,completed,141.94,1.41,92,stages/12_model_family_challenge__extratrees_training_effect/02_runs/run03K_et_v07_wfo_fold07_mt5_v1/mt5/reports/Project_Obsidian_Prime_v2_run03K_et_v07_wfo_fold07_mt5_v1_tier_a_only_validation_is.htm
run03K_et_v07_wfo_fold07_mt5_v1,v07_balanced_subsample_leaf20_q90,fold07,tier_b_fallback_only_validation_is,validation_is,validation,Tier B,tier_b_fallback_only_total,completed,completed,completed,53.65,1.28,20,stages/12_model_family_challenge__extratrees_training_effect/02_runs/run03K_et_v07_wfo_fold07_mt5_v1/mt5/reports/Project_Obsidian_Prime_v2_run03K_et_v07_wfo_fold07_mt5_v1_tier_b_fallback_only_validation_is.htm
run03K_et_v07_wfo_fold07_mt5_v1,v07_balanced_subsample_leaf20_q90,fold07,routed_validation_is,validation_is,validation,Tier A+B,routed_total,completed,completed,completed,211.58,1.55,113,stages/12_model_family_challenge__extratrees_training_effect/02_runs/run03K_et_v07_wfo_fold07_mt5_v1/mt5/reports/Project_Obsidian_Prime_v2_run03K_et_v07_wfo_fold07_mt5_v1_routed_validation_is.htm
run03K_et_v07_wfo_fold07_mt5_v1,v07_balanced_subsample_leaf20_q90,fold07,tier_a_only_oos,oos,test,Tier A,tier_only_total,completed,completed,completed,170.51,1.42,114,stages/12_model_family_challenge__extratrees_training_effect/02_runs/run03K_et_v07_wfo_fold07_mt5_v1/mt5/reports/Project_Obsidian_Prime_v2_run03K_et_v07_wfo_fold07_mt5_v1_tier_a_only_oos.htm
run03K_et_v07_wfo_fold07_mt5_v1,v07_balanced_subsample_leaf20_q90,fold07,tier_b_fallback_only_oos,oos,test,Tier B,tier_b_fallback_only_total,completed,completed,completed,-73.72,0.81,38,stages/12_model_family_challenge__extratrees_training_effect/02_runs/run03K_et_v07_wfo_fold07_mt5_v1/mt5/reports/Project_Obsidian_Prime_v2_run03K_et_v07_wfo_fold07_mt5_v1_tier_b_fallback_only_oos.htm
run03K_et_v07_wfo_fold07_mt5_v1,v07_balanced_subsample_leaf20_q90,fold07,routed_oos,oos,test,Tier A+B,routed_total,completed,completed,completed,163.7,1.34,154,stages/12_model_family_challenge__extratrees_training_effect/02_runs/run03K_et_v07_wfo_fold07_mt5_v1/mt5/reports/Project_Obsidian_Prime_v2_run03K_et_v07_wfo_fold07_mt5_v1_routed_oos.htm
run03K_et_v08_wfo_fold07_mt5_v1,v08_depth12_leaf20_q90,fold07,tier_a_only_validation_is,validation_is,validation,Tier A,tier_only_total,completed,completed,completed,142.29,1.44,83,stages/12_model_family_challenge__extratrees_training_effect/02_runs/run03K_et_v08_wfo_fold07_mt5_v1/mt5/reports/Project_Obsidian_Prime_v2_run03K_et_v08_wfo_fold07_mt5_v1_tier_a_only_validation_is.htm
run03K_et_v08_wfo_fold07_mt5_v1,v08_depth12_leaf20_q90,fold07,tier_b_fallback_only_validation_is,validation_is,validation,Tier B,tier_b_fallback_only_total,completed,completed,completed,41.16,1.21,21,stages/12_model_family_challenge__extratrees_training_effect/02_runs/run03K_et_v08_wfo_fold07_mt5_v1/mt5/reports/Project_Obsidian_Prime_v2_run03K_et_v08_wfo_fold07_mt5_v1_tier_b_fallback_only_validation_is.htm
run03K_et_v08_wfo_fold07_mt5_v1,v08_depth12_leaf20_q90,fold07,routed_validation_is,validation_is,validation,Tier A+B,routed_total,completed,completed,completed,69.24,1.15,107,stages/12_model_family_challenge__extratrees_training_effect/02_runs/run03K_et_v08_wfo_fold07_mt5_v1/mt5/reports/Project_Obsidian_Prime_v2_run03K_et_v08_wfo_fold07_mt5_v1_routed_validation_is.htm
run03K_et_v08_wfo_fold07_mt5_v1,v08_depth12_leaf20_q90,fold07,tier_a_only_oos,oos,test,Tier A,tier_only_total,completed,completed,completed,100.17,1.24,105,stages/12_model_family_challenge__extratrees_training_effect/02_runs/run03K_et_v08_wfo_fold07_mt5_v1/mt5/reports/Project_Obsidian_Prime_v2_run03K_et_v08_wfo_fold07_mt5_v1_tier_a_only_oos.htm
run03K_et_v08_wfo_fold07_mt5_v1,v08_depth12_leaf20_q90,fold07,tier_b_fallback_only_oos,oos,test,Tier B,tier_b_fallback_only_total,completed,completed,completed,-271.63,0.41,42,stages/12_model_family_challenge__extratrees_training_effect/02_runs/run03K_et_v08_wfo_fold07_mt5_v1/mt5/reports/Project_Obsidian_Prime_v2_run03K_et_v08_wfo_fold07_mt5_v1_tier_b_fallback_only_oos.htm
run03K_et_v08_wfo_fold07_mt5_v1,v08_depth12_leaf20_q90,fold07,routed_oos,oos,test,Tier A+B,routed_total,completed,completed,completed,41.13,1.08,147,stages/12_model_family_challenge__extratrees_training_effect/02_runs/run03K_et_v08_wfo_fold07_mt5_v1/mt5/reports/Project_Obsidian_Prime_v2_run03K_et_v08_wfo_fold07_mt5_v1_routed_oos.htm
run03K_et_v09_wfo_fold07_mt5_v1,v09_depth8_leaf10_q90,fold07,tier_a_only_validation_is,validation_is,validation,Tier A,tier_only_total,completed,completed,completed,138.95,1.43,85,stages/12_model_family_challenge__extratrees_training_effect/02_runs/run03K_et_v09_wfo_fold07_mt5_v1/mt5/reports/Project_Obsidian_Prime_v2_run03K_et_v09_wfo_fold07_mt5_v1_tier_a_only_validation_is.htm
run03K_et_v09_wfo_fold07_mt5_v1,v09_depth8_leaf10_q90,fold07,tier_b_fallback_only_validation_is,validation_is,validation,Tier B,tier_b_fallback_only_total,completed,completed,completed,65.94,1.33,22,stages/12_model_family_challenge__extratrees_training_effect/02_runs/run03K_et_v09_wfo_fold07_mt5_v1/mt5/reports/Project_Obsidian_Prime_v2_run03K_et_v09_wfo_fold07_mt5_v1_tier_b_fallback_only_validation_is.htm
run03K_et_v09_wfo_fold07_mt5_v1,v09_depth8_leaf10_q90,fold07,routed_validation_is,validation_is,validation,Tier A+B,routed_total,completed,completed,completed,118.48,1.32,107,stages/12_model_family_challenge__extratrees_training_effect/02_runs/run03K_et_v09_wfo_fold07_mt5_v1/mt5/reports/Project_Obsidian_Prime_v2_run03K_et_v09_wfo_fold07_mt5_v1_routed_validation_is.htm
run03K_et_v09_wfo_fold07_mt5_v1,v09_depth8_leaf10_q90,fold07,tier_a_only_oos,oos,test,Tier A,tier_only_total,completed,completed,completed,207.68,1.63,94,stages/12_model_family_challenge__extratrees_training_effect/02_runs/run03K_et_v09_wfo_fold07_mt5_v1/mt5/reports/Project_Obsidian_Prime_v2_run03K_et_v09_wfo_fold07_mt5_v1_tier_a_only_oos.htm
run03K_et_v09_wfo_fold07_mt5_v1,v09_depth8_leaf10_q90,fold07,tier_b_fallback_only_oos,oos,test,Tier B,tier_b_fallback_only_total,completed,completed,completed,-108.56,0.67,45,stages/12_model_family_challenge__extratrees_training_effect/02_runs/run03K_et_v09_wfo_fold07_mt5_v1/mt5/reports/Project_Obsidian_Prime_v2_run03K_et_v09_wfo_fold07_mt5_v1_tier_b_fallback_only_oos.htm
run03K_et_v09_wfo_fold07_mt5_v1,v09_depth8_leaf10_q90,fold07,routed_oos,oos,test,Tier A+B,routed_total,completed,completed,completed,176.87,1.37,143,stages/12_model_family_challenge__extratrees_training_effect/02_runs/run03K_et_v09_wfo_fold07_mt5_v1/mt5/reports/Project_Obsidian_Prime_v2_run03K_et_v09_wfo_fold07_mt5_v1_routed_oos.htm
run03K_et_v10_wfo_fold07_mt5_v1,v10_bootstrap70_leaf20_q90,fold07,tier_a_only_validation_is,validation_is,validation,Tier A,tier_only_total,completed,completed,completed,136.33,1.4,88,stages/12_model_family_challenge__extratrees_training_effect/02_runs/run03K_et_v10_wfo_fold07_mt5_v1/mt5/reports/Project_Obsidian_Prime_v2_run03K_et_v10_wfo_fold07_mt5_v1_tier_a_only_validation_is.htm
run03K_et_v10_wfo_fold07_mt5_v1,v10_bootstrap70_leaf20_q90,fold07,tier_b_fallback_only_validation_is,validation_is,validation,Tier B,tier_b_fallback_only_total,completed,completed,completed,15.4,1.07,20,stages/12_model_family_challenge__extratrees_training_effect/02_runs/run03K_et_v10_wfo_fold07_mt5_v1/mt5/reports/Project_Obsidian_Prime_v2_run03K_et_v10_wfo_fold07_mt5_v1_tier_b_fallback_only_validation_is.htm
run03K_et_v10_wfo_fold07_mt5_v1,v10_bootstrap70_leaf20_q90,fold07,routed_validation_is,validation_is,validation,Tier A+B,routed_total,completed,completed,completed,112.8,1.28,110,stages/12_model_family_challenge__extratrees_training_effect/02_runs/run03K_et_v10_wfo_fold07_mt5_v1/mt5/reports/Project_Obsidian_Prime_v2_run03K_et_v10_wfo_fold07_mt5_v1_routed_validation_is.htm
run03K_et_v10_wfo_fold07_mt5_v1,v10_bootstrap70_leaf20_q90,fold07,tier_a_only_oos,oos,test,Tier A,tier_only_total,completed,completed,completed,256.16,1.54,131,stages/12_model_family_challenge__extratrees_training_effect/02_runs/run03K_et_v10_wfo_fold07_mt5_v1/mt5/reports/Project_Obsidian_Prime_v2_run03K_et_v10_wfo_fold07_mt5_v1_tier_a_only_oos.htm
run03K_et_v10_wfo_fold07_mt5_v1,v10_bootstrap70_leaf20_q90,fold07,tier_b_fallback_only_oos,oos,test,Tier B,tier_b_fallback_only_total,completed,completed,completed,81.16,1.23,39,stages/12_model_family_challenge__extratrees_training_effect/02_runs/run03K_et_v10_wfo_fold07_mt5_v1/mt5/reports/Project_Obsidian_Prime_v2_run03K_et_v10_wfo_fold07_mt5_v1_tier_b_fallback_only_oos.htm
run03K_et_v10_wfo_fold07_mt5_v1,v10_bootstrap70_leaf20_q90,fold07,routed_oos,oos,test,Tier A+B,routed_total,completed,completed,completed,320.64,1.63,166,stages/12_model_family_challenge__extratrees_training_effect/02_runs/run03K_et_v10_wfo_fold07_mt5_v1/mt5/reports/Project_Obsidian_Prime_v2_run03K_et_v10_wfo_fold07_mt5_v1_routed_oos.htm
run03K_et_v11_wfo_fold07_mt5_v1,v11_base_leaf20_q85,fold07,tier_a_only_validation_is,validation_is,validation,Tier A,tier_only_total,completed,completed,completed,96.85,1.18,134,stages/12_model_family_challenge__extratrees_training_effect/02_runs/run03K_et_v11_wfo_fold07_mt5_v1/mt5/reports/Project_Obsidian_Prime_v2_run03K_et_v11_wfo_fold07_mt5_v1_tier_a_only_validation_is.htm
run03K_et_v11_wfo_fold07_mt5_v1,v11_base_leaf20_q85,fold07,tier_b_fallback_only_validation_is,validation_is,validation,Tier B,tier_b_fallback_only_total,completed,completed,completed,36.7,1.12,33,stages/12_model_family_challenge__extratrees_training_effect/02_runs/run03K_et_v11_wfo_fold07_mt5_v1/mt5/reports/Project_Obsidian_Prime_v2_run03K_et_v11_wfo_fold07_mt5_v1_tier_b_fallback_only_validation_is.htm
run03K_et_v11_wfo_fold07_mt5_v1,v11_base_leaf20_q85,fold07,routed_validation_is,validation_is,validation,Tier A+B,routed_total,completed,completed,completed,120.08,1.19,172,stages/12_model_family_challenge__extratrees_training_effect/02_runs/run03K_et_v11_wfo_fold07_mt5_v1/mt5/reports/Project_Obsidian_Prime_v2_run03K_et_v11_wfo_fold07_mt5_v1_routed_validation_is.htm
run03K_et_v11_wfo_fold07_mt5_v1,v11_base_leaf20_q85,fold07,tier_a_only_oos,oos,test,Tier A,tier_only_total,completed,completed,completed,312.61,1.56,177,stages/12_model_family_challenge__extratrees_training_effect/02_runs/run03K_et_v11_wfo_fold07_mt5_v1/mt5/reports/Project_Obsidian_Prime_v2_run03K_et_v11_wfo_fold07_mt5_v1_tier_a_only_oos.htm
run03K_et_v11_wfo_fold07_mt5_v1,v11_base_leaf20_q85,fold07,tier_b_fallback_only_oos,oos,test,Tier B,tier_b_fallback_only_total,completed,completed,completed,-123.91,0.8,59,stages/12_model_family_challenge__extratrees_training_effect/02_runs/run03K_et_v11_wfo_fold07_mt5_v1/mt5/reports/Project_Obsidian_Prime_v2_run03K_et_v11_wfo_fold07_mt5_v1_tier_b_fallback_only_oos.htm
run03K_et_v11_wfo_fold07_mt5_v1,v11_base_leaf20_q85,fold07,routed_oos,oos,test,Tier A+B,routed_total,completed,completed,completed,214.06,1.3,245,stages/12_model_family_challenge__extratrees_training_effect/02_runs/run03K_et_v11_wfo_fold07_mt5_v1/mt5/reports/Project_Obsidian_Prime_v2_run03K_et_v11_wfo_fold07_mt5_v1_routed_oos.htm
run03K_et_v12_wfo_fold07_mt5_v1,v12_base_leaf20_q95,fold07,tier_a_only_validation_is,validation_is,validation,Tier A,tier_only_total,completed,completed,completed,50.28,1.27,50,stages/12_model_family_challenge__extratrees_training_effect/02_runs/run03K_et_v12_wfo_fold07_mt5_v1/mt5/reports/Project_Obsidian_Prime_v2_run03K_et_v12_wfo_fold07_mt5_v1_tier_a_only_validation_is.htm
run03K_et_v12_wfo_fold07_mt5_v1,v12_base_leaf20_q95,fold07,tier_b_fallback_only_validation_is,validation_is,validation,Tier B,tier_b_fallback_only_total,completed,completed,completed,115.33,4.4,11,stages/12_model_family_challenge__extratrees_training_effect/02_runs/run03K_et_v12_wfo_fold07_mt5_v1/mt5/reports/Project_Obsidian_Prime_v2_run03K_et_v12_wfo_fold07_mt5_v1_tier_b_fallback_only_validation_is.htm
run03K_et_v12_wfo_fold07_mt5_v1,v12_base_leaf20_q95,fold07,routed_validation_is,validation_is,validation,Tier A+B,routed_total,completed,completed,completed,97.96,1.42,61,stages/12_model_family_challenge__extratrees_training_effect/02_runs/run03K_et_v12_wfo_fold07_mt5_v1/mt5/reports/Project_Obsidian_Prime_v2_run03K_et_v12_wfo_fold07_mt5_v1_routed_validation_is.htm
run03K_et_v12_wfo_fold07_mt5_v1,v12_base_leaf20_q95,fold07,tier_a_only_oos,oos,test,Tier A,tier_only_total,completed,completed,completed,56.49,1.18,66,stages/12_model_family_challenge__extratrees_training_effect/02_runs/run03K_et_v12_wfo_fold07_mt5_v1/mt5/reports/Project_Obsidian_Prime_v2_run03K_et_v12_wfo_fold07_mt5_v1_tier_a_only_oos.htm
run03K_et_v12_wfo_fold07_mt5_v1,v12_base_leaf20_q95,fold07,tier_b_fallback_only_oos,oos,test,Tier B,tier_b_fallback_only_total,completed,completed,completed,-36.6,0.85,25,stages/12_model_family_challenge__extratrees_training_effect/02_runs/run03K_et_v12_wfo_fold07_mt5_v1/mt5/reports/Project_Obsidian_Prime_v2_run03K_et_v12_wfo_fold07_mt5_v1_tier_b_fallback_only_oos.htm
run03K_et_v12_wfo_fold07_mt5_v1,v12_base_leaf20_q95,fold07,routed_oos,oos,test,Tier A+B,routed_total,completed,completed,completed,93.19,1.27,90,stages/12_model_family_challenge__extratrees_training_effect/02_runs/run03K_et_v12_wfo_fold07_mt5_v1/mt5/reports/Project_Obsidian_Prime_v2_run03K_et_v12_wfo_fold07_mt5_v1_routed_oos.htm
run03K_et_v13_wfo_fold07_mt5_v1,v13_base_margin002_q90,fold07,tier_a_only_validation_is,validation_is,validation,Tier A,tier_only_total,completed,completed,completed,44.18,1.1,101,stages/12_model_family_challenge__extratrees_training_effect/02_runs/run03K_et_v13_wfo_fold07_mt5_v1/mt5/reports/Project_Obsidian_Prime_v2_run03K_et_v13_wfo_fold07_mt5_v1_tier_a_only_validation_is.htm
run03K_et_v13_wfo_fold07_mt5_v1,v13_base_margin002_q90,fold07,tier_b_fallback_only_validation_is,validation_is,validation,Tier B,tier_b_fallback_only_total,completed,completed,completed,140.08,1.98,20,stages/12_model_family_challenge__extratrees_training_effect/02_runs/run03K_et_v13_wfo_fold07_mt5_v1/mt5/reports/Project_Obsidian_Prime_v2_run03K_et_v13_wfo_fold07_mt5_v1_tier_b_fallback_only_validation_is.htm
run03K_et_v13_wfo_fold07_mt5_v1,v13_base_margin002_q90,fold07,routed_validation_is,validation_is,validation,Tier A+B,routed_total,completed,completed,completed,53.07,1.11,118,stages/12_model_family_challenge__extratrees_training_effect/02_runs/run03K_et_v13_wfo_fold07_mt5_v1/mt5/reports/Project_Obsidian_Prime_v2_run03K_et_v13_wfo_fold07_mt5_v1_routed_validation_is.htm
run03K_et_v13_wfo_fold07_mt5_v1,v13_base_margin002_q90,fold07,tier_a_only_oos,oos,test,Tier A,tier_only_total,completed,completed,completed,187.72,1.48,116,stages/12_model_family_challenge__extratrees_training_effect/02_runs/run03K_et_v13_wfo_fold07_mt5_v1/mt5/reports/Project_Obsidian_Prime_v2_run03K_et_v13_wfo_fold07_mt5_v1_tier_a_only_oos.htm
run03K_et_v13_wfo_fold07_mt5_v1,v13_base_margin002_q90,fold07,tier_b_fallback_only_oos,oos,test,Tier B,tier_b_fallback_only_total,completed,completed,completed,-143.49,0.66,38,stages/12_model_family_challenge__extratrees_training_effect/02_runs/run03K_et_v13_wfo_fold07_mt5_v1/mt5/reports/Project_Obsidian_Prime_v2_run03K_et_v13_wfo_fold07_mt5_v1_tier_b_fallback_only_oos.htm
run03K_et_v13_wfo_fold07_mt5_v1,v13_base_margin002_q90,fold07,routed_oos,oos,test,Tier A+B,routed_total,completed,completed,completed,233.43,1.52,157,stages/12_model_family_challenge__extratrees_training_effect/02_runs/run03K_et_v13_wfo_fold07_mt5_v1/mt5/reports/Project_Obsidian_Prime_v2_run03K_et_v13_wfo_fold07_mt5_v1_routed_oos.htm
run03K_et_v14_wfo_fold07_mt5_v1,v14_base_margin005_q90,fold07,tier_a_only_validation_is,validation_is,validation,Tier A,tier_only_total,completed,completed,completed,83.18,1.22,94,stages/12_model_family_challenge__extratrees_training_effect/02_runs/run03K_et_v14_wfo_fold07_mt5_v1/mt5/reports/Project_Obsidian_Prime_v2_run03K_et_v14_wfo_fold07_mt5_v1_tier_a_only_validation_is.htm
run03K_et_v14_wfo_fold07_mt5_v1,v14_base_margin005_q90,fold07,tier_b_fallback_only_validation_is,validation_is,validation,Tier B,tier_b_fallback_only_total,completed,completed,completed,112.23,1.88,17,stages/12_model_family_challenge__extratrees_training_effect/02_runs/run03K_et_v14_wfo_fold07_mt5_v1/mt5/reports/Project_Obsidian_Prime_v2_run03K_et_v14_wfo_fold07_mt5_v1_tier_b_fallback_only_validation_is.htm
run03K_et_v14_wfo_fold07_mt5_v1,v14_base_margin005_q90,fold07,routed_validation_is,validation_is,validation,Tier A+B,routed_total,completed,completed,completed,116.85,1.29,106,stages/12_model_family_challenge__extratrees_training_effect/02_runs/run03K_et_v14_wfo_fold07_mt5_v1/mt5/reports/Project_Obsidian_Prime_v2_run03K_et_v14_wfo_fold07_mt5_v1_routed_validation_is.htm
run03K_et_v14_wfo_fold07_mt5_v1,v14_base_margin005_q90,fold07,tier_a_only_oos,oos,test,Tier A,tier_only_total,completed,completed,completed,130.09,1.32,113,stages/12_model_family_challenge__extratrees_training_effect/02_runs/run03K_et_v14_wfo_fold07_mt5_v1/mt5/reports/Project_Obsidian_Prime_v2_run03K_et_v14_wfo_fold07_mt5_v1_tier_a_only_oos.htm
run03K_et_v14_wfo_fold07_mt5_v1,v14_base_margin005_q90,fold07,tier_b_fallback_only_oos,oos,test,Tier B,tier_b_fallback_only_total,completed,completed,completed,-96.99,0.73,29,stages/12_model_family_challenge__extratrees_training_effect/02_runs/run03K_et_v14_wfo_fold07_mt5_v1/mt5/reports/Project_Obsidian_Prime_v2_run03K_et_v14_wfo_fold07_mt5_v1_tier_b_fallback_only_oos.htm
run03K_et_v14_wfo_fold07_mt5_v1,v14_base_margin005_q90,fold07,routed_oos,oos,test,Tier A+B,routed_total,completed,completed,completed,182.03,1.42,142,stages/12_model_family_challenge__extratrees_training_effect/02_runs/run03K_et_v14_wfo_fold07_mt5_v1/mt5/reports/Project_Obsidian_Prime_v2_run03K_et_v14_wfo_fold07_mt5_v1_routed_oos.htm
run03K_et_v15_wfo_fold07_mt5_v1,v15_base_short_only_q90,fold07,tier_a_only_validation_is,validation_is,validation,Tier A,tier_only_total,completed,completed,completed,-65.56,0.8,57,stages/12_model_family_challenge__extratrees_training_effect/02_runs/run03K_et_v15_wfo_fold07_mt5_v1/mt5/reports/Project_Obsidian_Prime_v2_run03K_et_v15_wfo_fold07_mt5_v1_tier_a_only_validation_is.htm
run03K_et_v15_wfo_fold07_mt5_v1,v15_base_short_only_q90,fold07,tier_b_fallback_only_validation_is,validation_is,validation,Tier B,tier_b_fallback_only_total,completed,completed,completed,-33.32,0.78,14,stages/12_model_family_challenge__extratrees_training_effect/02_runs/run03K_et_v15_wfo_fold07_mt5_v1/mt5/reports/Project_Obsidian_Prime_v2_run03K_et_v15_wfo_fold07_mt5_v1_tier_b_fallback_only_validation_is.htm
run03K_et_v15_wfo_fold07_mt5_v1,v15_base_short_only_q90,fold07,routed_validation_is,validation_is,validation,Tier A+B,routed_total,completed,completed,completed,-33.83,0.9,69,stages/12_model_family_challenge__extratrees_training_effect/02_runs/run03K_et_v15_wfo_fold07_mt5_v1/mt5/reports/Project_Obsidian_Prime_v2_run03K_et_v15_wfo_fold07_mt5_v1_routed_validation_is.htm
run03K_et_v15_wfo_fold07_mt5_v1,v15_base_short_only_q90,fold07,tier_a_only_oos,oos,test,Tier A,tier_only_total,completed,completed,completed,-30.48,0.9,66,stages/12_model_family_challenge__extratrees_training_effect/02_runs/run03K_et_v15_wfo_fold07_mt5_v1/mt5/reports/Project_Obsidian_Prime_v2_run03K_et_v15_wfo_fold07_mt5_v1_tier_a_only_oos.htm
run03K_et_v15_wfo_fold07_mt5_v1,v15_base_short_only_q90,fold07,tier_b_fallback_only_oos,oos,test,Tier B,tier_b_fallback_only_total,completed,completed,completed,-47.47,0.81,19,stages/12_model_family_challenge__extratrees_training_effect/02_runs/run03K_et_v15_wfo_fold07_mt5_v1/mt5/reports/Project_Obsidian_Prime_v2_run03K_et_v15_wfo_fold07_mt5_v1_tier_b_fallback_only_oos.htm
run03K_et_v15_wfo_fold07_mt5_v1,v15_base_short_only_q90,fold07,routed_oos,oos,test,Tier A+B,routed_total,completed,completed,completed,3.83,1.01,86,stages/12_model_family_challenge__extratrees_training_effect/02_runs/run03K_et_v15_wfo_fold07_mt5_v1/mt5/reports/Project_Obsidian_Prime_v2_run03K_et_v15_wfo_fold07_mt5_v1_routed_oos.htm
run03K_et_v16_wfo_fold07_mt5_v1,v16_base_long_only_q90,fold07,tier_a_only_validation_is,validation_is,validation,Tier A,tier_only_total,completed,completed,completed,74.23,1.62,40,stages/12_model_family_challenge__extratrees_training_effect/02_runs/run03K_et_v16_wfo_fold07_mt5_v1/mt5/reports/Project_Obsidian_Prime_v2_run03K_et_v16_wfo_fold07_mt5_v1_tier_a_only_validation_is.htm
run03K_et_v16_wfo_fold07_mt5_v1,v16_base_long_only_q90,fold07,tier_b_fallback_only_validation_is,validation_is,validation,Tier B,tier_b_fallback_only_total,completed,completed,completed,26.53,2.48,5,stages/12_model_family_challenge__extratrees_training_effect/02_runs/run03K_et_v16_wfo_fold07_mt5_v1/mt5/reports/Project_Obsidian_Prime_v2_run03K_et_v16_wfo_fold07_mt5_v1_tier_b_fallback_only_validation_is.htm
run03K_et_v16_wfo_fold07_mt5_v1,v16_base_long_only_q90,fold07,routed_validation_is,validation_is,validation,Tier A+B,routed_total,completed,completed,completed,86.36,1.64,46,stages/12_model_family_challenge__extratrees_training_effect/02_runs/run03K_et_v16_wfo_fold07_mt5_v1/mt5/reports/Project_Obsidian_Prime_v2_run03K_et_v16_wfo_fold07_mt5_v1_routed_validation_is.htm
run03K_et_v16_wfo_fold07_mt5_v1,v16_base_long_only_q90,fold07,tier_a_only_oos,oos,test,Tier A,tier_only_total,completed,completed,completed,132.79,1.82,51,stages/12_model_family_challenge__extratrees_training_effect/02_runs/run03K_et_v16_wfo_fold07_mt5_v1/mt5/reports/Project_Obsidian_Prime_v2_run03K_et_v16_wfo_fold07_mt5_v1_tier_a_only_oos.htm
run03K_et_v16_wfo_fold07_mt5_v1,v16_base_long_only_q90,fold07,tier_b_fallback_only_oos,oos,test,Tier B,tier_b_fallback_only_total,completed,completed,completed,99.34,1.67,21,stages/12_model_family_challenge__extratrees_training_effect/02_runs/run03K_et_v16_wfo_fold07_mt5_v1/mt5/reports/Project_Obsidian_Prime_v2_run03K_et_v16_wfo_fold07_mt5_v1_tier_b_fallback_only_oos.htm
run03K_et_v16_wfo_fold07_mt5_v1,v16_base_long_only_q90,fold07,routed_oos,oos,test,Tier A+B,routed_total,completed,completed,completed,133.4,1.63,74,stages/12_model_family_challenge__extratrees_training_effect/02_runs/run03K_et_v16_wfo_fold07_mt5_v1/mt5/reports/Project_Obsidian_Prime_v2_run03K_et_v16_wfo_fold07_mt5_v1_routed_oos.htm
run03K_et_v17_wfo_fold07_mt5_v1,v17_top30_features_q90,fold07,tier_a_only_validation_is,validation_is,validation,Tier A,tier_only_total,completed,completed,completed,248.02,1.94,83,stages/12_model_family_challenge__extratrees_training_effect/02_runs/run03K_et_v17_wfo_fold07_mt5_v1/mt5/reports/Project_Obsidian_Prime_v2_run03K_et_v17_wfo_fold07_mt5_v1_tier_a_only_validation_is.htm
run03K_et_v17_wfo_fold07_mt5_v1,v17_top30_features_q90,fold07,tier_b_fallback_only_validation_is,validation_is,validation,Tier B,tier_b_fallback_only_total,completed,completed,completed,208.08,3.25,18,stages/12_model_family_challenge__extratrees_training_effect/02_runs/run03K_et_v17_wfo_fold07_mt5_v1/mt5/reports/Project_Obsidian_Prime_v2_run03K_et_v17_wfo_fold07_mt5_v1_tier_b_fallback_only_validation_is.htm
run03K_et_v17_wfo_fold07_mt5_v1,v17_top30_features_q90,fold07,routed_validation_is,validation_is,validation,Tier A+B,routed_total,completed,completed,completed,198.66,1.57,106,stages/12_model_family_challenge__extratrees_training_effect/02_runs/run03K_et_v17_wfo_fold07_mt5_v1/mt5/reports/Project_Obsidian_Prime_v2_run03K_et_v17_wfo_fold07_mt5_v1_routed_validation_is.htm
run03K_et_v17_wfo_fold07_mt5_v1,v17_top30_features_q90,fold07,tier_a_only_oos,oos,test,Tier A,tier_only_total,completed,completed,completed,211.26,1.52,110,stages/12_model_family_challenge__extratrees_training_effect/02_runs/run03K_et_v17_wfo_fold07_mt5_v1/mt5/reports/Project_Obsidian_Prime_v2_run03K_et_v17_wfo_fold07_mt5_v1_tier_a_only_oos.htm
run03K_et_v17_wfo_fold07_mt5_v1,v17_top30_features_q90,fold07,tier_b_fallback_only_oos,oos,test,Tier B,tier_b_fallback_only_total,completed,completed,completed,51.68,1.12,43,stages/12_model_family_challenge__extratrees_training_effect/02_runs/run03K_et_v17_wfo_fold07_mt5_v1/mt5/reports/Project_Obsidian_Prime_v2_run03K_et_v17_wfo_fold07_mt5_v1_tier_b_fallback_only_oos.htm
run03K_et_v17_wfo_fold07_mt5_v1,v17_top30_features_q90,fold07,routed_oos,oos,test,Tier A+B,routed_total,completed,completed,completed,257.12,1.51,158,stages/12_model_family_challenge__extratrees_training_effect/02_runs/run03K_et_v17_wfo_fold07_mt5_v1/mt5/reports/Project_Obsidian_Prime_v2_run03K_et_v17_wfo_fold07_mt5_v1_routed_oos.htm
run03K_et_v18_wfo_fold07_mt5_v1,v18_core42_features_q90,fold07,tier_a_only_validation_is,validation_is,validation,Tier A,tier_only_total,completed,completed,completed,196.55,1.55,90,stages/12_model_family_challenge__extratrees_training_effect/02_runs/run03K_et_v18_wfo_fold07_mt5_v1/mt5/reports/Project_Obsidian_Prime_v2_run03K_et_v18_wfo_fold07_mt5_v1_tier_a_only_validation_is.htm
run03K_et_v18_wfo_fold07_mt5_v1,v18_core42_features_q90,fold07,tier_b_fallback_only_validation_is,validation_is,validation,Tier B,tier_b_fallback_only_total,completed,completed,completed,112.32,1.65,22,stages/12_model_family_challenge__extratrees_training_effect/02_runs/run03K_et_v18_wfo_fold07_mt5_v1/mt5/reports/Project_Obsidian_Prime_v2_run03K_et_v18_wfo_fold07_mt5_v1_tier_b_fallback_only_validation_is.htm
run03K_et_v18_wfo_fold07_mt5_v1,v18_core42_features_q90,fold07,routed_validation_is,validation_is,validation,Tier A+B,routed_total,completed,completed,completed,251.07,1.74,107,stages/12_model_family_challenge__extratrees_training_effect/02_runs/run03K_et_v18_wfo_fold07_mt5_v1/mt5/reports/Project_Obsidian_Prime_v2_run03K_et_v18_wfo_fold07_mt5_v1_routed_validation_is.htm
run03K_et_v18_wfo_fold07_mt5_v1,v18_core42_features_q90,fold07,tier_a_only_oos,oos,test,Tier A,tier_only_total,completed,completed,completed,99.39,1.25,104,stages/12_model_family_challenge__extratrees_training_effect/02_runs/run03K_et_v18_wfo_fold07_mt5_v1/mt5/reports/Project_Obsidian_Prime_v2_run03K_et_v18_wfo_fold07_mt5_v1_tier_a_only_oos.htm
run03K_et_v18_wfo_fold07_mt5_v1,v18_core42_features_q90,fold07,tier_b_fallback_only_oos,oos,test,Tier B,tier_b_fallback_only_total,completed,completed,completed,51.01,1.14,35,stages/12_model_family_challenge__extratrees_training_effect/02_runs/run03K_et_v18_wfo_fold07_mt5_v1/mt5/reports/Project_Obsidian_Prime_v2_run03K_et_v18_wfo_fold07_mt5_v1_tier_b_fallback_only_oos.htm
run03K_et_v18_wfo_fold07_mt5_v1,v18_core42_features_q90,fold07,routed_oos,oos,test,Tier A+B,routed_total,completed,completed,completed,116.24,1.25,138,stages/12_model_family_challenge__extratrees_training_effect/02_runs/run03K_et_v18_wfo_fold07_mt5_v1/mt5/reports/Project_Obsidian_Prime_v2_run03K_et_v18_wfo_fold07_mt5_v1_routed_oos.htm
run03K_et_v19_wfo_fold07_mt5_v1,v19_context16_features_q90,fold07,tier_a_only_validation_is,validation_is,validation,Tier A,tier_only_total,completed,completed,completed,129.14,1.24,174,stages/12_model_family_challenge__extratrees_training_effect/02_runs/run03K_et_v19_wfo_fold07_mt5_v1/mt5/reports/Project_Obsidian_Prime_v2_run03K_et_v19_wfo_fold07_mt5_v1_tier_a_only_validation_is.htm
run03K_et_v19_wfo_fold07_mt5_v1,v19_context16_features_q90,fold07,tier_b_fallback_only_validation_is,validation_is,validation,Tier B,tier_b_fallback_only_total,completed,completed,completed,44.11,1.2,27,stages/12_model_family_challenge__extratrees_training_effect/02_runs/run03K_et_v19_wfo_fold07_mt5_v1/mt5/reports/Project_Obsidian_Prime_v2_run03K_et_v19_wfo_fold07_mt5_v1_tier_b_fallback_only_validation_is.htm
run03K_et_v19_wfo_fold07_mt5_v1,v19_context16_features_q90,fold07,routed_validation_is,validation_is,validation,Tier A+B,routed_total,completed,completed,completed,50.56,1.08,200,stages/12_model_family_challenge__extratrees_training_effect/02_runs/run03K_et_v19_wfo_fold07_mt5_v1/mt5/reports/Project_Obsidian_Prime_v2_run03K_et_v19_wfo_fold07_mt5_v1_routed_validation_is.htm
run03K_et_v19_wfo_fold07_mt5_v1,v19_context16_features_q90,fold07,tier_a_only_oos,oos,test,Tier A,tier_only_total,completed,completed,completed,71.87,1.08,261,stages/12_model_family_challenge__extratrees_training_effect/02_runs/run03K_et_v19_wfo_fold07_mt5_v1/mt5/reports/Project_Obsidian_Prime_v2_run03K_et_v19_wfo_fold07_mt5_v1_tier_a_only_oos.htm
run03K_et_v19_wfo_fold07_mt5_v1,v19_context16_features_q90,fold07,tier_b_fallback_only_oos,oos,test,Tier B,tier_b_fallback_only_total,completed,completed,completed,-115.57,0.79,43,stages/12_model_family_challenge__extratrees_training_effect/02_runs/run03K_et_v19_wfo_fold07_mt5_v1/mt5/reports/Project_Obsidian_Prime_v2_run03K_et_v19_wfo_fold07_mt5_v1_tier_b_fallback_only_oos.htm
run03K_et_v19_wfo_fold07_mt5_v1,v19_context16_features_q90,fold07,routed_oos,oos,test,Tier A+B,routed_total,completed,completed,completed,48.4,1.05,304,stages/12_model_family_challenge__extratrees_training_effect/02_runs/run03K_et_v19_wfo_fold07_mt5_v1/mt5/reports/Project_Obsidian_Prime_v2_run03K_et_v19_wfo_fold07_mt5_v1_routed_oos.htm
run03K_et_v20_wfo_fold07_mt5_v1,v20_base_inverse_q90,fold07,tier_a_only_validation_is,validation_is,validation,Tier A,tier_only_total,completed,completed,completed,-68.5,0.86,101,stages/12_model_family_challenge__extratrees_training_effect/02_runs/run03K_et_v20_wfo_fold07_mt5_v1/mt5/reports/Project_Obsidian_Prime_v2_run03K_et_v20_wfo_fold07_mt5_v1_tier_a_only_validation_is.htm
run03K_et_v20_wfo_fold07_mt5_v1,v20_base_inverse_q90,fold07,tier_b_fallback_only_validation_is,validation_is,validation,Tier B,tier_b_fallback_only_total,completed,completed,completed,-150.63,0.46,20,stages/12_model_family_challenge__extratrees_training_effect/02_runs/run03K_et_v20_wfo_fold07_mt5_v1/mt5/reports/Project_Obsidian_Prime_v2_run03K_et_v20_wfo_fold07_mt5_v1_tier_b_fallback_only_validation_is.htm
run03K_et_v20_wfo_fold07_mt5_v1,v20_base_inverse_q90,fold07,routed_validation_is,validation_is,validation,Tier A+B,routed_total,completed,completed,completed,-77.88,0.86,119,stages/12_model_family_challenge__extratrees_training_effect/02_runs/run03K_et_v20_wfo_fold07_mt5_v1/mt5/reports/Project_Obsidian_Prime_v2_run03K_et_v20_wfo_fold07_mt5_v1_routed_validation_is.htm
run03K_et_v20_wfo_fold07_mt5_v1,v20_base_inverse_q90,fold07,tier_a_only_oos,oos,test,Tier A,tier_only_total,completed,completed,completed,-202.91,0.66,116,stages/12_model_family_challenge__extratrees_training_effect/02_runs/run03K_et_v20_wfo_fold07_mt5_v1/mt5/reports/Project_Obsidian_Prime_v2_run03K_et_v20_wfo_fold07_mt5_v1_tier_a_only_oos.htm
run03K_et_v20_wfo_fold07_mt5_v1,v20_base_inverse_q90,fold07,tier_b_fallback_only_oos,oos,test,Tier B,tier_b_fallback_only_total,completed,completed,completed,129.91,1.41,45,stages/12_model_family_challenge__extratrees_training_effect/02_runs/run03K_et_v20_wfo_fold07_mt5_v1/mt5/reports/Project_Obsidian_Prime_v2_run03K_et_v20_wfo_fold07_mt5_v1_tier_b_fallback_only_oos.htm
run03K_et_v20_wfo_fold07_mt5_v1,v20_base_inverse_q90,fold07,routed_oos,oos,test,Tier A+B,routed_total,completed,completed,completed,-220.93,0.68,165,stages/12_model_family_challenge__extratrees_training_effect/02_runs/run03K_et_v20_wfo_fold07_mt5_v1/mt5/reports/Project_Obsidian_Prime_v2_run03K_et_v20_wfo_fold07_mt5_v1_routed_oos.htm
