run_id,source_variant_id,attempt_name,split,tier_scope,route_role,tester_status,runtime_status,report_status,net_profit,profit_factor,trade_count,report_path
run03H_et_v01_tier_balance_mt5_v1,v01_base_leaf20_q90,tier_a_only_validation_is,validation_is,Tier A,tier_only_total,completed,completed,completed,-88.04,0.93,227,stages/12_model_family_challenge__extratrees_training_effect/02_runs/run03H_et_v01_tier_balance_mt5_v1/mt5/reports/Project_Obsidian_Prime_v2_run03H_et_v01_tier_balance_mt5_v1_tier_a_only_validation_is.htm
run03H_et_v01_tier_balance_mt5_v1,v01_base_leaf20_q90,tier_b_fallback_only_validation_is,validation_is,Tier B,tier_b_fallback_only_total,completed,completed,completed,170.53,1.43,77,stages/12_model_family_challenge__extratrees_training_effect/02_runs/run03H_et_v01_tier_balance_mt5_v1/mt5/reports/Project_Obsidian_Prime_v2_run03H_et_v01_tier_balance_mt5_v1_tier_b_fallback_only_validation_is.htm
run03H_et_v01_tier_balance_mt5_v1,v01_base_leaf20_q90,routed_validation_is,validation_is,Tier A+B,routed_total,completed,completed,completed,-78.78,0.95,306,stages/12_model_family_challenge__extratrees_training_effect/02_runs/run03H_et_v01_tier_balance_mt5_v1/mt5/reports/Project_Obsidian_Prime_v2_run03H_et_v01_tier_balance_mt5_v1_routed_validation_is.htm
run03H_et_v01_tier_balance_mt5_v1,v01_base_leaf20_q90,tier_a_only_oos,oos,Tier A,tier_only_total,completed,completed,completed,358.59,1.62,163,stages/12_model_family_challenge__extratrees_training_effect/02_runs/run03H_et_v01_tier_balance_mt5_v1/mt5/reports/Project_Obsidian_Prime_v2_run03H_et_v01_tier_balance_mt5_v1_tier_a_only_oos.htm
run03H_et_v01_tier_balance_mt5_v1,v01_base_leaf20_q90,tier_b_fallback_only_oos,oos,Tier B,tier_b_fallback_only_total,completed,completed,completed,-196.92,0.78,81,stages/12_model_family_challenge__extratrees_training_effect/02_runs/run03H_et_v01_tier_balance_mt5_v1/mt5/reports/Project_Obsidian_Prime_v2_run03H_et_v01_tier_balance_mt5_v1_tier_b_fallback_only_oos.htm
run03H_et_v01_tier_balance_mt5_v1,v01_base_leaf20_q90,routed_oos,oos,Tier A+B,routed_total,completed,completed,completed,482.09,1.62,264,stages/12_model_family_challenge__extratrees_training_effect/02_runs/run03H_et_v01_tier_balance_mt5_v1/mt5/reports/Project_Obsidian_Prime_v2_run03H_et_v01_tier_balance_mt5_v1_routed_oos.htm
run03H_et_v02_tier_balance_mt5_v1,v02_dense_leaf10_q90,tier_a_only_validation_is,validation_is,Tier A,tier_only_total,completed,completed,completed,-511.66,0.39,111,stages/12_model_family_challenge__extratrees_training_effect/02_runs/run03H_et_v02_tier_balance_mt5_v1/mt5/reports/Project_Obsidian_Prime_v2_run03H_et_v02_tier_balance_mt5_v1_tier_a_only_validation_is.htm
run03H_et_v02_tier_balance_mt5_v1,v02_dense_leaf10_q90,tier_b_fallback_only_validation_is,validation_is,Tier B,tier_b_fallback_only_total,completed,completed,completed,97.96,1.23,78,stages/12_model_family_challenge__extratrees_training_effect/02_runs/run03H_et_v02_tier_balance_mt5_v1/mt5/reports/Project_Obsidian_Prime_v2_run03H_et_v02_tier_balance_mt5_v1_tier_b_fallback_only_validation_is.htm
run03H_et_v02_tier_balance_mt5_v1,v02_dense_leaf10_q90,routed_validation_is,validation_is,Tier A+B,routed_total,completed,completed,completed,-341.34,0.78,304,stages/12_model_family_challenge__extratrees_training_effect/02_runs/run03H_et_v02_tier_balance_mt5_v1/mt5/reports/Project_Obsidian_Prime_v2_run03H_et_v02_tier_balance_mt5_v1_routed_validation_is.htm
run03H_et_v02_tier_balance_mt5_v1,v02_dense_leaf10_q90,tier_a_only_oos,oos,Tier A,tier_only_total,completed,completed,completed,158.07,1.23,164,stages/12_model_family_challenge__extratrees_training_effect/02_runs/run03H_et_v02_tier_balance_mt5_v1/mt5/reports/Project_Obsidian_Prime_v2_run03H_et_v02_tier_balance_mt5_v1_tier_a_only_oos.htm
run03H_et_v02_tier_balance_mt5_v1,v02_dense_leaf10_q90,tier_b_fallback_only_oos,oos,Tier B,tier_b_fallback_only_total,completed,completed,completed,-157.92,0.82,87,stages/12_model_family_challenge__extratrees_training_effect/02_runs/run03H_et_v02_tier_balance_mt5_v1/mt5/reports/Project_Obsidian_Prime_v2_run03H_et_v02_tier_balance_mt5_v1_tier_b_fallback_only_oos.htm
run03H_et_v02_tier_balance_mt5_v1,v02_dense_leaf10_q90,routed_oos,oos,Tier A+B,routed_total,completed,completed,completed,238.7,1.27,266,stages/12_model_family_challenge__extratrees_training_effect/02_runs/run03H_et_v02_tier_balance_mt5_v1/mt5/reports/Project_Obsidian_Prime_v2_run03H_et_v02_tier_balance_mt5_v1_routed_oos.htm
run03H_et_v03_tier_balance_mt5_v1,v03_smooth_leaf40_q90,tier_a_only_validation_is,validation_is,Tier A,tier_only_total,completed,completed,completed,-312.55,0.77,231,stages/12_model_family_challenge__extratrees_training_effect/02_runs/run03H_et_v03_tier_balance_mt5_v1/mt5/reports/Project_Obsidian_Prime_v2_run03H_et_v03_tier_balance_mt5_v1_tier_a_only_validation_is.htm
run03H_et_v03_tier_balance_mt5_v1,v03_smooth_leaf40_q90,tier_b_fallback_only_validation_is,validation_is,Tier B,tier_b_fallback_only_total,completed,completed,completed,257.76,2.15,66,stages/12_model_family_challenge__extratrees_training_effect/02_runs/run03H_et_v03_tier_balance_mt5_v1/mt5/reports/Project_Obsidian_Prime_v2_run03H_et_v03_tier_balance_mt5_v1_tier_b_fallback_only_validation_is.htm
run03H_et_v03_tier_balance_mt5_v1,v03_smooth_leaf40_q90,routed_validation_is,validation_is,Tier A+B,routed_total,completed,completed,completed,-303.78,0.8,302,stages/12_model_family_challenge__extratrees_training_effect/02_runs/run03H_et_v03_tier_balance_mt5_v1/mt5/reports/Project_Obsidian_Prime_v2_run03H_et_v03_tier_balance_mt5_v1_routed_validation_is.htm
run03H_et_v03_tier_balance_mt5_v1,v03_smooth_leaf40_q90,tier_a_only_oos,oos,Tier A,tier_only_total,completed,completed,completed,274.44,1.42,166,stages/12_model_family_challenge__extratrees_training_effect/02_runs/run03H_et_v03_tier_balance_mt5_v1/mt5/reports/Project_Obsidian_Prime_v2_run03H_et_v03_tier_balance_mt5_v1_tier_a_only_oos.htm
run03H_et_v03_tier_balance_mt5_v1,v03_smooth_leaf40_q90,tier_b_fallback_only_oos,oos,Tier B,tier_b_fallback_only_total,completed,completed,completed,-146.76,0.8,65,stages/12_model_family_challenge__extratrees_training_effect/02_runs/run03H_et_v03_tier_balance_mt5_v1/mt5/reports/Project_Obsidian_Prime_v2_run03H_et_v03_tier_balance_mt5_v1_tier_b_fallback_only_oos.htm
run03H_et_v03_tier_balance_mt5_v1,v03_smooth_leaf40_q90,routed_oos,oos,Tier A+B,routed_total,completed,completed,completed,323.33,1.37,251,stages/12_model_family_challenge__extratrees_training_effect/02_runs/run03H_et_v03_tier_balance_mt5_v1/mt5/reports/Project_Obsidian_Prime_v2_run03H_et_v03_tier_balance_mt5_v1_routed_oos.htm
run03H_et_v04_tier_balance_mt5_v1,v04_log2_features_leaf20_q90,tier_a_only_validation_is,validation_is,Tier A,tier_only_total,completed,completed,completed,-45.4,0.96,232,stages/12_model_family_challenge__extratrees_training_effect/02_runs/run03H_et_v04_tier_balance_mt5_v1/mt5/reports/Project_Obsidian_Prime_v2_run03H_et_v04_tier_balance_mt5_v1_tier_a_only_validation_is.htm
run03H_et_v04_tier_balance_mt5_v1,v04_log2_features_leaf20_q90,tier_b_fallback_only_validation_is,validation_is,Tier B,tier_b_fallback_only_total,completed,completed,completed,91.79,1.21,71,stages/12_model_family_challenge__extratrees_training_effect/02_runs/run03H_et_v04_tier_balance_mt5_v1/mt5/reports/Project_Obsidian_Prime_v2_run03H_et_v04_tier_balance_mt5_v1_tier_b_fallback_only_validation_is.htm
run03H_et_v04_tier_balance_mt5_v1,v04_log2_features_leaf20_q90,routed_validation_is,validation_is,Tier A+B,routed_total,completed,completed,completed,-127.55,0.92,308,stages/12_model_family_challenge__extratrees_training_effect/02_runs/run03H_et_v04_tier_balance_mt5_v1/mt5/reports/Project_Obsidian_Prime_v2_run03H_et_v04_tier_balance_mt5_v1_routed_validation_is.htm
run03H_et_v04_tier_balance_mt5_v1,v04_log2_features_leaf20_q90,tier_a_only_oos,oos,Tier A,tier_only_total,completed,completed,completed,204.39,1.31,161,stages/12_model_family_challenge__extratrees_training_effect/02_runs/run03H_et_v04_tier_balance_mt5_v1/mt5/reports/Project_Obsidian_Prime_v2_run03H_et_v04_tier_balance_mt5_v1_tier_a_only_oos.htm
run03H_et_v04_tier_balance_mt5_v1,v04_log2_features_leaf20_q90,tier_b_fallback_only_oos,oos,Tier B,tier_b_fallback_only_total,completed,completed,completed,-131.25,0.83,72,stages/12_model_family_challenge__extratrees_training_effect/02_runs/run03H_et_v04_tier_balance_mt5_v1/mt5/reports/Project_Obsidian_Prime_v2_run03H_et_v04_tier_balance_mt5_v1_tier_b_fallback_only_oos.htm
run03H_et_v04_tier_balance_mt5_v1,v04_log2_features_leaf20_q90,routed_oos,oos,Tier A+B,routed_total,completed,completed,completed,195.55,1.22,251,stages/12_model_family_challenge__extratrees_training_effect/02_runs/run03H_et_v04_tier_balance_mt5_v1/mt5/reports/Project_Obsidian_Prime_v2_run03H_et_v04_tier_balance_mt5_v1_routed_oos.htm
run03H_et_v05_tier_balance_mt5_v1,v05_half_features_leaf20_q90,tier_a_only_validation_is,validation_is,Tier A,tier_only_total,completed,completed,completed,-131.23,0.89,217,stages/12_model_family_challenge__extratrees_training_effect/02_runs/run03H_et_v05_tier_balance_mt5_v1/mt5/reports/Project_Obsidian_Prime_v2_run03H_et_v05_tier_balance_mt5_v1_tier_a_only_validation_is.htm
run03H_et_v05_tier_balance_mt5_v1,v05_half_features_leaf20_q90,tier_b_fallback_only_validation_is,validation_is,Tier B,tier_b_fallback_only_total,completed,completed,completed,232.4,1.57,74,stages/12_model_family_challenge__extratrees_training_effect/02_runs/run03H_et_v05_tier_balance_mt5_v1/mt5/reports/Project_Obsidian_Prime_v2_run03H_et_v05_tier_balance_mt5_v1_tier_b_fallback_only_validation_is.htm
run03H_et_v05_tier_balance_mt5_v1,v05_half_features_leaf20_q90,routed_validation_is,validation_is,Tier A+B,routed_total,completed,completed,completed,-47.05,0.96,290,stages/12_model_family_challenge__extratrees_training_effect/02_runs/run03H_et_v05_tier_balance_mt5_v1/mt5/reports/Project_Obsidian_Prime_v2_run03H_et_v05_tier_balance_mt5_v1_routed_validation_is.htm
run03H_et_v05_tier_balance_mt5_v1,v05_half_features_leaf20_q90,tier_a_only_oos,oos,Tier A,tier_only_total,completed,completed,completed,180.74,1.29,158,stages/12_model_family_challenge__extratrees_training_effect/02_runs/run03H_et_v05_tier_balance_mt5_v1/mt5/reports/Project_Obsidian_Prime_v2_run03H_et_v05_tier_balance_mt5_v1_tier_a_only_oos.htm
run03H_et_v05_tier_balance_mt5_v1,v05_half_features_leaf20_q90,tier_b_fallback_only_oos,oos,Tier B,tier_b_fallback_only_total,completed,completed,completed,-270.49,0.68,75,stages/12_model_family_challenge__extratrees_training_effect/02_runs/run03H_et_v05_tier_balance_mt5_v1/mt5/reports/Project_Obsidian_Prime_v2_run03H_et_v05_tier_balance_mt5_v1_tier_b_fallback_only_oos.htm
run03H_et_v05_tier_balance_mt5_v1,v05_half_features_leaf20_q90,routed_oos,oos,Tier A+B,routed_total,completed,completed,completed,272.9,1.34,245,stages/12_model_family_challenge__extratrees_training_effect/02_runs/run03H_et_v05_tier_balance_mt5_v1/mt5/reports/Project_Obsidian_Prime_v2_run03H_et_v05_tier_balance_mt5_v1_routed_oos.htm
run03H_et_v06_tier_balance_mt5_v1,v06_entropy_leaf20_q90,tier_a_only_validation_is,validation_is,Tier A,tier_only_total,completed,completed,completed,-302.9,0.78,231,stages/12_model_family_challenge__extratrees_training_effect/02_runs/run03H_et_v06_tier_balance_mt5_v1/mt5/reports/Project_Obsidian_Prime_v2_run03H_et_v06_tier_balance_mt5_v1_tier_a_only_validation_is.htm
run03H_et_v06_tier_balance_mt5_v1,v06_entropy_leaf20_q90,tier_b_fallback_only_validation_is,validation_is,Tier B,tier_b_fallback_only_total,completed,completed,completed,232.12,1.7,72,stages/12_model_family_challenge__extratrees_training_effect/02_runs/run03H_et_v06_tier_balance_mt5_v1/mt5/reports/Project_Obsidian_Prime_v2_run03H_et_v06_tier_balance_mt5_v1_tier_b_fallback_only_validation_is.htm
run03H_et_v06_tier_balance_mt5_v1,v06_entropy_leaf20_q90,routed_validation_is,validation_is,Tier A+B,routed_total,completed,completed,completed,-295.16,0.81,305,stages/12_model_family_challenge__extratrees_training_effect/02_runs/run03H_et_v06_tier_balance_mt5_v1/mt5/reports/Project_Obsidian_Prime_v2_run03H_et_v06_tier_balance_mt5_v1_routed_validation_is.htm
run03H_et_v06_tier_balance_mt5_v1,v06_entropy_leaf20_q90,tier_a_only_oos,oos,Tier A,tier_only_total,completed,completed,completed,187.36,1.31,157,stages/12_model_family_challenge__extratrees_training_effect/02_runs/run03H_et_v06_tier_balance_mt5_v1/mt5/reports/Project_Obsidian_Prime_v2_run03H_et_v06_tier_balance_mt5_v1_tier_a_only_oos.htm
run03H_et_v06_tier_balance_mt5_v1,v06_entropy_leaf20_q90,tier_b_fallback_only_oos,oos,Tier B,tier_b_fallback_only_total,completed,completed,completed,-98.73,0.87,73,stages/12_model_family_challenge__extratrees_training_effect/02_runs/run03H_et_v06_tier_balance_mt5_v1/mt5/reports/Project_Obsidian_Prime_v2_run03H_et_v06_tier_balance_mt5_v1_tier_b_fallback_only_oos.htm
run03H_et_v06_tier_balance_mt5_v1,v06_entropy_leaf20_q90,routed_oos,oos,Tier A+B,routed_total,completed,completed,completed,292.49,1.38,245,stages/12_model_family_challenge__extratrees_training_effect/02_runs/run03H_et_v06_tier_balance_mt5_v1/mt5/reports/Project_Obsidian_Prime_v2_run03H_et_v06_tier_balance_mt5_v1_routed_oos.htm
run03H_et_v07_tier_balance_mt5_v1,v07_balanced_subsample_leaf20_q90,tier_a_only_validation_is,validation_is,Tier A,tier_only_total,completed,completed,completed,-129.16,0.9,241,stages/12_model_family_challenge__extratrees_training_effect/02_runs/run03H_et_v07_tier_balance_mt5_v1/mt5/reports/Project_Obsidian_Prime_v2_run03H_et_v07_tier_balance_mt5_v1_tier_a_only_validation_is.htm
run03H_et_v07_tier_balance_mt5_v1,v07_balanced_subsample_leaf20_q90,tier_b_fallback_only_validation_is,validation_is,Tier B,tier_b_fallback_only_total,completed,completed,completed,114.09,1.29,69,stages/12_model_family_challenge__extratrees_training_effect/02_runs/run03H_et_v07_tier_balance_mt5_v1/mt5/reports/Project_Obsidian_Prime_v2_run03H_et_v07_tier_balance_mt5_v1_tier_b_fallback_only_validation_is.htm
run03H_et_v07_tier_balance_mt5_v1,v07_balanced_subsample_leaf20_q90,routed_validation_is,validation_is,Tier A+B,routed_total,completed,completed,completed,-174.01,0.88,315,stages/12_model_family_challenge__extratrees_training_effect/02_runs/run03H_et_v07_tier_balance_mt5_v1/mt5/reports/Project_Obsidian_Prime_v2_run03H_et_v07_tier_balance_mt5_v1_routed_validation_is.htm
run03H_et_v07_tier_balance_mt5_v1,v07_balanced_subsample_leaf20_q90,tier_a_only_oos,oos,Tier A,tier_only_total,completed,completed,completed,240.98,1.36,164,stages/12_model_family_challenge__extratrees_training_effect/02_runs/run03H_et_v07_tier_balance_mt5_v1/mt5/reports/Project_Obsidian_Prime_v2_run03H_et_v07_tier_balance_mt5_v1_tier_a_only_oos.htm
run03H_et_v07_tier_balance_mt5_v1,v07_balanced_subsample_leaf20_q90,tier_b_fallback_only_oos,oos,Tier B,tier_b_fallback_only_total,completed,completed,completed,51.21,1.08,68,stages/12_model_family_challenge__extratrees_training_effect/02_runs/run03H_et_v07_tier_balance_mt5_v1/mt5/reports/Project_Obsidian_Prime_v2_run03H_et_v07_tier_balance_mt5_v1_tier_b_fallback_only_oos.htm
run03H_et_v07_tier_balance_mt5_v1,v07_balanced_subsample_leaf20_q90,routed_oos,oos,Tier A+B,routed_total,completed,completed,completed,262.33,1.29,246,stages/12_model_family_challenge__extratrees_training_effect/02_runs/run03H_et_v07_tier_balance_mt5_v1/mt5/reports/Project_Obsidian_Prime_v2_run03H_et_v07_tier_balance_mt5_v1_routed_oos.htm
run03H_et_v08_tier_balance_mt5_v1,v08_depth12_leaf20_q90,tier_a_only_validation_is,validation_is,Tier A,tier_only_total,completed,completed,completed,-204.49,0.83,215,stages/12_model_family_challenge__extratrees_training_effect/02_runs/run03H_et_v08_tier_balance_mt5_v1/mt5/reports/Project_Obsidian_Prime_v2_run03H_et_v08_tier_balance_mt5_v1_tier_a_only_validation_is.htm
run03H_et_v08_tier_balance_mt5_v1,v08_depth12_leaf20_q90,tier_b_fallback_only_validation_is,validation_is,Tier B,tier_b_fallback_only_total,completed,completed,completed,151.08,1.45,67,stages/12_model_family_challenge__extratrees_training_effect/02_runs/run03H_et_v08_tier_balance_mt5_v1/mt5/reports/Project_Obsidian_Prime_v2_run03H_et_v08_tier_balance_mt5_v1_tier_b_fallback_only_validation_is.htm
run03H_et_v08_tier_balance_mt5_v1,v08_depth12_leaf20_q90,routed_validation_is,validation_is,Tier A+B,routed_total,completed,completed,completed,-205.26,0.85,284,stages/12_model_family_challenge__extratrees_training_effect/02_runs/run03H_et_v08_tier_balance_mt5_v1/mt5/reports/Project_Obsidian_Prime_v2_run03H_et_v08_tier_balance_mt5_v1_routed_validation_is.htm
run03H_et_v08_tier_balance_mt5_v1,v08_depth12_leaf20_q90,tier_a_only_oos,oos,Tier A,tier_only_total,completed,completed,completed,360.46,1.64,154,stages/12_model_family_challenge__extratrees_training_effect/02_runs/run03H_et_v08_tier_balance_mt5_v1/mt5/reports/Project_Obsidian_Prime_v2_run03H_et_v08_tier_balance_mt5_v1_tier_a_only_oos.htm
run03H_et_v08_tier_balance_mt5_v1,v08_depth12_leaf20_q90,tier_b_fallback_only_oos,oos,Tier B,tier_b_fallback_only_total,completed,completed,completed,-188,0.75,67,stages/12_model_family_challenge__extratrees_training_effect/02_runs/run03H_et_v08_tier_balance_mt5_v1/mt5/reports/Project_Obsidian_Prime_v2_run03H_et_v08_tier_balance_mt5_v1_tier_b_fallback_only_oos.htm
run03H_et_v08_tier_balance_mt5_v1,v08_depth12_leaf20_q90,routed_oos,oos,Tier A+B,routed_total,completed,completed,completed,401.4,1.49,243,stages/12_model_family_challenge__extratrees_training_effect/02_runs/run03H_et_v08_tier_balance_mt5_v1/mt5/reports/Project_Obsidian_Prime_v2_run03H_et_v08_tier_balance_mt5_v1_routed_oos.htm
run03H_et_v09_tier_balance_mt5_v1,v09_depth8_leaf10_q90,tier_a_only_validation_is,validation_is,Tier A,tier_only_total,completed,completed,completed,-55.71,0.95,224,stages/12_model_family_challenge__extratrees_training_effect/02_runs/run03H_et_v09_tier_balance_mt5_v1/mt5/reports/Project_Obsidian_Prime_v2_run03H_et_v09_tier_balance_mt5_v1_tier_a_only_validation_is.htm
run03H_et_v09_tier_balance_mt5_v1,v09_depth8_leaf10_q90,tier_b_fallback_only_validation_is,validation_is,Tier B,tier_b_fallback_only_total,completed,completed,completed,-11.04,0.98,69,stages/12_model_family_challenge__extratrees_training_effect/02_runs/run03H_et_v09_tier_balance_mt5_v1/mt5/reports/Project_Obsidian_Prime_v2_run03H_et_v09_tier_balance_mt5_v1_tier_b_fallback_only_validation_is.htm
run03H_et_v09_tier_balance_mt5_v1,v09_depth8_leaf10_q90,routed_validation_is,validation_is,Tier A+B,routed_total,completed,completed,completed,-121.4,0.91,295,stages/12_model_family_challenge__extratrees_training_effect/02_runs/run03H_et_v09_tier_balance_mt5_v1/mt5/reports/Project_Obsidian_Prime_v2_run03H_et_v09_tier_balance_mt5_v1_routed_validation_is.htm
run03H_et_v09_tier_balance_mt5_v1,v09_depth8_leaf10_q90,tier_a_only_oos,oos,Tier A,tier_only_total,completed,completed,completed,313.62,1.56,153,stages/12_model_family_challenge__extratrees_training_effect/02_runs/run03H_et_v09_tier_balance_mt5_v1/mt5/reports/Project_Obsidian_Prime_v2_run03H_et_v09_tier_balance_mt5_v1_tier_a_only_oos.htm
run03H_et_v09_tier_balance_mt5_v1,v09_depth8_leaf10_q90,tier_b_fallback_only_oos,oos,Tier B,tier_b_fallback_only_total,completed,completed,completed,-314.31,0.61,70,stages/12_model_family_challenge__extratrees_training_effect/02_runs/run03H_et_v09_tier_balance_mt5_v1/mt5/reports/Project_Obsidian_Prime_v2_run03H_et_v09_tier_balance_mt5_v1_tier_b_fallback_only_oos.htm
run03H_et_v09_tier_balance_mt5_v1,v09_depth8_leaf10_q90,routed_oos,oos,Tier A+B,routed_total,completed,completed,completed,227.87,1.28,236,stages/12_model_family_challenge__extratrees_training_effect/02_runs/run03H_et_v09_tier_balance_mt5_v1/mt5/reports/Project_Obsidian_Prime_v2_run03H_et_v09_tier_balance_mt5_v1_routed_oos.htm
run03H_et_v10_tier_balance_mt5_v1,v10_bootstrap70_leaf20_q90,tier_a_only_validation_is,validation_is,Tier A,tier_only_total,completed,completed,completed,-378.8,0.74,240,stages/12_model_family_challenge__extratrees_training_effect/02_runs/run03H_et_v10_tier_balance_mt5_v1/mt5/reports/Project_Obsidian_Prime_v2_run03H_et_v10_tier_balance_mt5_v1_tier_a_only_validation_is.htm
run03H_et_v10_tier_balance_mt5_v1,v10_bootstrap70_leaf20_q90,tier_b_fallback_only_validation_is,validation_is,Tier B,tier_b_fallback_only_total,completed,completed,completed,287.16,1.73,71,stages/12_model_family_challenge__extratrees_training_effect/02_runs/run03H_et_v10_tier_balance_mt5_v1/mt5/reports/Project_Obsidian_Prime_v2_run03H_et_v10_tier_balance_mt5_v1_tier_b_fallback_only_validation_is.htm
run03H_et_v10_tier_balance_mt5_v1,v10_bootstrap70_leaf20_q90,routed_validation_is,validation_is,Tier A+B,routed_total,completed,completed,completed,-355.46,0.78,316,stages/12_model_family_challenge__extratrees_training_effect/02_runs/run03H_et_v10_tier_balance_mt5_v1/mt5/reports/Project_Obsidian_Prime_v2_run03H_et_v10_tier_balance_mt5_v1_routed_validation_is.htm
run03H_et_v10_tier_balance_mt5_v1,v10_bootstrap70_leaf20_q90,tier_a_only_oos,oos,Tier A,tier_only_total,completed,completed,completed,243.44,1.37,168,stages/12_model_family_challenge__extratrees_training_effect/02_runs/run03H_et_v10_tier_balance_mt5_v1/mt5/reports/Project_Obsidian_Prime_v2_run03H_et_v10_tier_balance_mt5_v1_tier_a_only_oos.htm
run03H_et_v10_tier_balance_mt5_v1,v10_bootstrap70_leaf20_q90,tier_b_fallback_only_oos,oos,Tier B,tier_b_fallback_only_total,completed,completed,completed,225.91,1.36,76,stages/12_model_family_challenge__extratrees_training_effect/02_runs/run03H_et_v10_tier_balance_mt5_v1/mt5/reports/Project_Obsidian_Prime_v2_run03H_et_v10_tier_balance_mt5_v1_tier_b_fallback_only_oos.htm
run03H_et_v10_tier_balance_mt5_v1,v10_bootstrap70_leaf20_q90,routed_oos,oos,Tier A+B,routed_total,completed,completed,completed,259.86,1.28,270,stages/12_model_family_challenge__extratrees_training_effect/02_runs/run03H_et_v10_tier_balance_mt5_v1/mt5/reports/Project_Obsidian_Prime_v2_run03H_et_v10_tier_balance_mt5_v1_routed_oos.htm
run03H_et_v11_tier_balance_mt5_v1,v11_base_leaf20_q85,tier_a_only_validation_is,validation_is,Tier A,tier_only_total,completed,completed,completed,-190.67,0.89,331,stages/12_model_family_challenge__extratrees_training_effect/02_runs/run03H_et_v11_tier_balance_mt5_v1/mt5/reports/Project_Obsidian_Prime_v2_run03H_et_v11_tier_balance_mt5_v1_tier_a_only_validation_is.htm
run03H_et_v11_tier_balance_mt5_v1,v11_base_leaf20_q85,tier_b_fallback_only_validation_is,validation_is,Tier B,tier_b_fallback_only_total,completed,completed,completed,2.43,1,104,stages/12_model_family_challenge__extratrees_training_effect/02_runs/run03H_et_v11_tier_balance_mt5_v1/mt5/reports/Project_Obsidian_Prime_v2_run03H_et_v11_tier_balance_mt5_v1_tier_b_fallback_only_validation_is.htm
run03H_et_v11_tier_balance_mt5_v1,v11_base_leaf20_q85,routed_validation_is,validation_is,Tier A+B,routed_total,completed,completed,completed,-195.31,0.9,444,stages/12_model_family_challenge__extratrees_training_effect/02_runs/run03H_et_v11_tier_balance_mt5_v1/mt5/reports/Project_Obsidian_Prime_v2_run03H_et_v11_tier_balance_mt5_v1_routed_validation_is.htm
run03H_et_v11_tier_balance_mt5_v1,v11_base_leaf20_q85,tier_a_only_oos,oos,Tier A,tier_only_total,completed,completed,completed,399.69,1.44,240,stages/12_model_family_challenge__extratrees_training_effect/02_runs/run03H_et_v11_tier_balance_mt5_v1/mt5/reports/Project_Obsidian_Prime_v2_run03H_et_v11_tier_balance_mt5_v1_tier_a_only_oos.htm
run03H_et_v11_tier_balance_mt5_v1,v11_base_leaf20_q85,tier_b_fallback_only_oos,oos,Tier B,tier_b_fallback_only_total,completed,completed,completed,86.79,1.1,100,stages/12_model_family_challenge__extratrees_training_effect/02_runs/run03H_et_v11_tier_balance_mt5_v1/mt5/reports/Project_Obsidian_Prime_v2_run03H_et_v11_tier_balance_mt5_v1_tier_b_fallback_only_oos.htm
run03H_et_v11_tier_balance_mt5_v1,v11_base_leaf20_q85,routed_oos,oos,Tier A+B,routed_total,completed,completed,completed,545.83,1.47,368,stages/12_model_family_challenge__extratrees_training_effect/02_runs/run03H_et_v11_tier_balance_mt5_v1/mt5/reports/Project_Obsidian_Prime_v2_run03H_et_v11_tier_balance_mt5_v1_routed_oos.htm
run03H_et_v12_tier_balance_mt5_v1,v12_base_leaf20_q95,tier_a_only_validation_is,validation_is,Tier A,tier_only_total,completed,completed,completed,-61.38,0.91,113,stages/12_model_family_challenge__extratrees_training_effect/02_runs/run03H_et_v12_tier_balance_mt5_v1/mt5/reports/Project_Obsidian_Prime_v2_run03H_et_v12_tier_balance_mt5_v1_tier_a_only_validation_is.htm
run03H_et_v12_tier_balance_mt5_v1,v12_base_leaf20_q95,tier_b_fallback_only_validation_is,validation_is,Tier B,tier_b_fallback_only_total,completed,completed,completed,273.4,3.11,37,stages/12_model_family_challenge__extratrees_training_effect/02_runs/run03H_et_v12_tier_balance_mt5_v1/mt5/reports/Project_Obsidian_Prime_v2_run03H_et_v12_tier_balance_mt5_v1_tier_b_fallback_only_validation_is.htm
run03H_et_v12_tier_balance_mt5_v1,v12_base_leaf20_q95,routed_validation_is,validation_is,Tier A+B,routed_total,completed,completed,completed,-24.15,0.97,153,stages/12_model_family_challenge__extratrees_training_effect/02_runs/run03H_et_v12_tier_balance_mt5_v1/mt5/reports/Project_Obsidian_Prime_v2_run03H_et_v12_tier_balance_mt5_v1_routed_validation_is.htm
run03H_et_v12_tier_balance_mt5_v1,v12_base_leaf20_q95,tier_a_only_oos,oos,Tier A,tier_only_total,completed,completed,completed,250.66,2,85,stages/12_model_family_challenge__extratrees_training_effect/02_runs/run03H_et_v12_tier_balance_mt5_v1/mt5/reports/Project_Obsidian_Prime_v2_run03H_et_v12_tier_balance_mt5_v1_tier_a_only_oos.htm
run03H_et_v12_tier_balance_mt5_v1,v12_base_leaf20_q95,tier_b_fallback_only_oos,oos,Tier B,tier_b_fallback_only_total,completed,completed,completed,-84.66,0.79,37,stages/12_model_family_challenge__extratrees_training_effect/02_runs/run03H_et_v12_tier_balance_mt5_v1/mt5/reports/Project_Obsidian_Prime_v2_run03H_et_v12_tier_balance_mt5_v1_tier_b_fallback_only_oos.htm
run03H_et_v12_tier_balance_mt5_v1,v12_base_leaf20_q95,routed_oos,oos,Tier A+B,routed_total,completed,completed,completed,282,1.78,131,stages/12_model_family_challenge__extratrees_training_effect/02_runs/run03H_et_v12_tier_balance_mt5_v1/mt5/reports/Project_Obsidian_Prime_v2_run03H_et_v12_tier_balance_mt5_v1_routed_oos.htm
run03H_et_v13_tier_balance_mt5_v1,v13_base_margin002_q90,tier_a_only_validation_is,validation_is,Tier A,tier_only_total,completed,completed,completed,-65.56,0.95,224,stages/12_model_family_challenge__extratrees_training_effect/02_runs/run03H_et_v13_tier_balance_mt5_v1/mt5/reports/Project_Obsidian_Prime_v2_run03H_et_v13_tier_balance_mt5_v1_tier_a_only_validation_is.htm
run03H_et_v13_tier_balance_mt5_v1,v13_base_margin002_q90,tier_b_fallback_only_validation_is,validation_is,Tier B,tier_b_fallback_only_total,completed,completed,completed,356.23,2.19,73,stages/12_model_family_challenge__extratrees_training_effect/02_runs/run03H_et_v13_tier_balance_mt5_v1/mt5/reports/Project_Obsidian_Prime_v2_run03H_et_v13_tier_balance_mt5_v1_tier_b_fallback_only_validation_is.htm
run03H_et_v13_tier_balance_mt5_v1,v13_base_margin002_q90,routed_validation_is,validation_is,Tier A+B,routed_total,completed,completed,completed,-44.25,0.97,297,stages/12_model_family_challenge__extratrees_training_effect/02_runs/run03H_et_v13_tier_balance_mt5_v1/mt5/reports/Project_Obsidian_Prime_v2_run03H_et_v13_tier_balance_mt5_v1_routed_validation_is.htm
run03H_et_v13_tier_balance_mt5_v1,v13_base_margin002_q90,tier_a_only_oos,oos,Tier A,tier_only_total,completed,completed,completed,381.94,1.68,161,stages/12_model_family_challenge__extratrees_training_effect/02_runs/run03H_et_v13_tier_balance_mt5_v1/mt5/reports/Project_Obsidian_Prime_v2_run03H_et_v13_tier_balance_mt5_v1_tier_a_only_oos.htm
run03H_et_v13_tier_balance_mt5_v1,v13_base_margin002_q90,tier_b_fallback_only_oos,oos,Tier B,tier_b_fallback_only_total,completed,completed,completed,-124,0.84,73,stages/12_model_family_challenge__extratrees_training_effect/02_runs/run03H_et_v13_tier_balance_mt5_v1/mt5/reports/Project_Obsidian_Prime_v2_run03H_et_v13_tier_balance_mt5_v1_tier_b_fallback_only_oos.htm
run03H_et_v13_tier_balance_mt5_v1,v13_base_margin002_q90,routed_oos,oos,Tier A+B,routed_total,completed,completed,completed,453.15,1.59,251,stages/12_model_family_challenge__extratrees_training_effect/02_runs/run03H_et_v13_tier_balance_mt5_v1/mt5/reports/Project_Obsidian_Prime_v2_run03H_et_v13_tier_balance_mt5_v1_routed_oos.htm
run03H_et_v14_tier_balance_mt5_v1,v14_base_margin005_q90,tier_a_only_validation_is,validation_is,Tier A,tier_only_total,completed,completed,completed,-83.42,0.93,213,stages/12_model_family_challenge__extratrees_training_effect/02_runs/run03H_et_v14_tier_balance_mt5_v1/mt5/reports/Project_Obsidian_Prime_v2_run03H_et_v14_tier_balance_mt5_v1_tier_a_only_validation_is.htm
run03H_et_v14_tier_balance_mt5_v1,v14_base_margin005_q90,tier_b_fallback_only_validation_is,validation_is,Tier B,tier_b_fallback_only_total,completed,completed,completed,388.76,3.03,59,stages/12_model_family_challenge__extratrees_training_effect/02_runs/run03H_et_v14_tier_balance_mt5_v1/mt5/reports/Project_Obsidian_Prime_v2_run03H_et_v14_tier_balance_mt5_v1_tier_b_fallback_only_validation_is.htm
run03H_et_v14_tier_balance_mt5_v1,v14_base_margin005_q90,routed_validation_is,validation_is,Tier A+B,routed_total,completed,completed,completed,-101.54,0.92,274,stages/12_model_family_challenge__extratrees_training_effect/02_runs/run03H_et_v14_tier_balance_mt5_v1/mt5/reports/Project_Obsidian_Prime_v2_run03H_et_v14_tier_balance_mt5_v1_routed_validation_is.htm
run03H_et_v14_tier_balance_mt5_v1,v14_base_margin005_q90,tier_a_only_oos,oos,Tier A,tier_only_total,completed,completed,completed,331.33,1.6,156,stages/12_model_family_challenge__extratrees_training_effect/02_runs/run03H_et_v14_tier_balance_mt5_v1/mt5/reports/Project_Obsidian_Prime_v2_run03H_et_v14_tier_balance_mt5_v1_tier_a_only_oos.htm
run03H_et_v14_tier_balance_mt5_v1,v14_base_margin005_q90,tier_b_fallback_only_oos,oos,Tier B,tier_b_fallback_only_total,completed,completed,completed,-26.3,0.95,52,stages/12_model_family_challenge__extratrees_training_effect/02_runs/run03H_et_v14_tier_balance_mt5_v1/mt5/reports/Project_Obsidian_Prime_v2_run03H_et_v14_tier_balance_mt5_v1_tier_b_fallback_only_oos.htm
run03H_et_v14_tier_balance_mt5_v1,v14_base_margin005_q90,routed_oos,oos,Tier A+B,routed_total,completed,completed,completed,303.89,1.42,215,stages/12_model_family_challenge__extratrees_training_effect/02_runs/run03H_et_v14_tier_balance_mt5_v1/mt5/reports/Project_Obsidian_Prime_v2_run03H_et_v14_tier_balance_mt5_v1_routed_oos.htm
run03H_et_v15_tier_balance_mt5_v1,v15_base_short_only_q90,tier_a_only_validation_is,validation_is,Tier A,tier_only_total,completed,completed,completed,-47.61,0.92,113,stages/12_model_family_challenge__extratrees_training_effect/02_runs/run03H_et_v15_tier_balance_mt5_v1/mt5/reports/Project_Obsidian_Prime_v2_run03H_et_v15_tier_balance_mt5_v1_tier_a_only_validation_is.htm
run03H_et_v15_tier_balance_mt5_v1,v15_base_short_only_q90,tier_b_fallback_only_validation_is,validation_is,Tier B,tier_b_fallback_only_total,completed,completed,completed,-58.27,0.82,43,stages/12_model_family_challenge__extratrees_training_effect/02_runs/run03H_et_v15_tier_balance_mt5_v1/mt5/reports/Project_Obsidian_Prime_v2_run03H_et_v15_tier_balance_mt5_v1_tier_b_fallback_only_validation_is.htm
run03H_et_v15_tier_balance_mt5_v1,v15_base_short_only_q90,routed_validation_is,validation_is,Tier A+B,routed_total,completed,completed,completed,-59.56,0.92,159,stages/12_model_family_challenge__extratrees_training_effect/02_runs/run03H_et_v15_tier_balance_mt5_v1/mt5/reports/Project_Obsidian_Prime_v2_run03H_et_v15_tier_balance_mt5_v1_routed_validation_is.htm
run03H_et_v15_tier_balance_mt5_v1,v15_base_short_only_q90,tier_a_only_oos,oos,Tier A,tier_only_total,completed,completed,completed,167.49,1.49,88,stages/12_model_family_challenge__extratrees_training_effect/02_runs/run03H_et_v15_tier_balance_mt5_v1/mt5/reports/Project_Obsidian_Prime_v2_run03H_et_v15_tier_balance_mt5_v1_tier_a_only_oos.htm
run03H_et_v15_tier_balance_mt5_v1,v15_base_short_only_q90,tier_b_fallback_only_oos,oos,Tier B,tier_b_fallback_only_total,completed,completed,completed,-239.62,0.55,43,stages/12_model_family_challenge__extratrees_training_effect/02_runs/run03H_et_v15_tier_balance_mt5_v1/mt5/reports/Project_Obsidian_Prime_v2_run03H_et_v15_tier_balance_mt5_v1_tier_b_fallback_only_oos.htm
run03H_et_v15_tier_balance_mt5_v1,v15_base_short_only_q90,routed_oos,oos,Tier A+B,routed_total,completed,completed,completed,286.16,1.62,149,stages/12_model_family_challenge__extratrees_training_effect/02_runs/run03H_et_v15_tier_balance_mt5_v1/mt5/reports/Project_Obsidian_Prime_v2_run03H_et_v15_tier_balance_mt5_v1_routed_oos.htm
run03H_et_v16_tier_balance_mt5_v1,v16_base_long_only_q90,tier_a_only_validation_is,validation_is,Tier A,tier_only_total,completed,completed,completed,-30.01,0.95,108,stages/12_model_family_challenge__extratrees_training_effect/02_runs/run03H_et_v16_tier_balance_mt5_v1/mt5/reports/Project_Obsidian_Prime_v2_run03H_et_v16_tier_balance_mt5_v1_tier_a_only_validation_is.htm
run03H_et_v16_tier_balance_mt5_v1,v16_base_long_only_q90,tier_b_fallback_only_validation_is,validation_is,Tier B,tier_b_fallback_only_total,completed,completed,completed,181.34,2.01,32,stages/12_model_family_challenge__extratrees_training_effect/02_runs/run03H_et_v16_tier_balance_mt5_v1/mt5/reports/Project_Obsidian_Prime_v2_run03H_et_v16_tier_balance_mt5_v1_tier_b_fallback_only_validation_is.htm
run03H_et_v16_tier_balance_mt5_v1,v16_base_long_only_q90,routed_validation_is,validation_is,Tier A+B,routed_total,completed,completed,completed,-109,0.86,141,stages/12_model_family_challenge__extratrees_training_effect/02_runs/run03H_et_v16_tier_balance_mt5_v1/mt5/reports/Project_Obsidian_Prime_v2_run03H_et_v16_tier_balance_mt5_v1_routed_validation_is.htm
run03H_et_v16_tier_balance_mt5_v1,v16_base_long_only_q90,tier_a_only_oos,oos,Tier A,tier_only_total,completed,completed,completed,213.6,1.96,70,stages/12_model_family_challenge__extratrees_training_effect/02_runs/run03H_et_v16_tier_balance_mt5_v1/mt5/reports/Project_Obsidian_Prime_v2_run03H_et_v16_tier_balance_mt5_v1_tier_a_only_oos.htm
run03H_et_v16_tier_balance_mt5_v1,v16_base_long_only_q90,tier_b_fallback_only_oos,oos,Tier B,tier_b_fallback_only_total,completed,completed,completed,58.61,1.14,31,stages/12_model_family_challenge__extratrees_training_effect/02_runs/run03H_et_v16_tier_balance_mt5_v1/mt5/reports/Project_Obsidian_Prime_v2_run03H_et_v16_tier_balance_mt5_v1_tier_b_fallback_only_oos.htm
run03H_et_v16_tier_balance_mt5_v1,v16_base_long_only_q90,routed_oos,oos,Tier A+B,routed_total,completed,completed,completed,192.33,1.61,106,stages/12_model_family_challenge__extratrees_training_effect/02_runs/run03H_et_v16_tier_balance_mt5_v1/mt5/reports/Project_Obsidian_Prime_v2_run03H_et_v16_tier_balance_mt5_v1_routed_oos.htm
run03H_et_v17_tier_balance_mt5_v1,v17_top30_features_q90,tier_a_only_validation_is,validation_is,Tier A,tier_only_total,completed,completed,completed,-197.57,0.83,213,stages/12_model_family_challenge__extratrees_training_effect/02_runs/run03H_et_v17_tier_balance_mt5_v1/mt5/reports/Project_Obsidian_Prime_v2_run03H_et_v17_tier_balance_mt5_v1_tier_a_only_validation_is.htm
run03H_et_v17_tier_balance_mt5_v1,v17_top30_features_q90,tier_b_fallback_only_validation_is,validation_is,Tier B,tier_b_fallback_only_total,completed,completed,completed,337.69,2.19,71,stages/12_model_family_challenge__extratrees_training_effect/02_runs/run03H_et_v17_tier_balance_mt5_v1/mt5/reports/Project_Obsidian_Prime_v2_run03H_et_v17_tier_balance_mt5_v1_tier_b_fallback_only_validation_is.htm
run03H_et_v17_tier_balance_mt5_v1,v17_top30_features_q90,routed_validation_is,validation_is,Tier A+B,routed_total,completed,completed,completed,-199.42,0.85,285,stages/12_model_family_challenge__extratrees_training_effect/02_runs/run03H_et_v17_tier_balance_mt5_v1/mt5/reports/Project_Obsidian_Prime_v2_run03H_et_v17_tier_balance_mt5_v1_routed_validation_is.htm
run03H_et_v17_tier_balance_mt5_v1,v17_top30_features_q90,tier_a_only_oos,oos,Tier A,tier_only_total,completed,completed,completed,276.31,1.51,151,stages/12_model_family_challenge__extratrees_training_effect/02_runs/run03H_et_v17_tier_balance_mt5_v1/mt5/reports/Project_Obsidian_Prime_v2_run03H_et_v17_tier_balance_mt5_v1_tier_a_only_oos.htm
run03H_et_v17_tier_balance_mt5_v1,v17_top30_features_q90,tier_b_fallback_only_oos,oos,Tier B,tier_b_fallback_only_total,completed,completed,completed,-263.6,0.67,73,stages/12_model_family_challenge__extratrees_training_effect/02_runs/run03H_et_v17_tier_balance_mt5_v1/mt5/reports/Project_Obsidian_Prime_v2_run03H_et_v17_tier_balance_mt5_v1_tier_b_fallback_only_oos.htm
run03H_et_v17_tier_balance_mt5_v1,v17_top30_features_q90,routed_oos,oos,Tier A+B,routed_total,completed,completed,completed,354.78,1.48,238,stages/12_model_family_challenge__extratrees_training_effect/02_runs/run03H_et_v17_tier_balance_mt5_v1/mt5/reports/Project_Obsidian_Prime_v2_run03H_et_v17_tier_balance_mt5_v1_routed_oos.htm
run03H_et_v18_tier_balance_mt5_v1,v18_core42_features_q90,tier_a_only_validation_is,validation_is,Tier A,tier_only_total,completed,completed,completed,-372.86,0.73,221,stages/12_model_family_challenge__extratrees_training_effect/02_runs/run03H_et_v18_tier_balance_mt5_v1/mt5/reports/Project_Obsidian_Prime_v2_run03H_et_v18_tier_balance_mt5_v1_tier_a_only_validation_is.htm
run03H_et_v18_tier_balance_mt5_v1,v18_core42_features_q90,tier_b_fallback_only_validation_is,validation_is,Tier B,tier_b_fallback_only_total,completed,completed,completed,95.39,1.24,72,stages/12_model_family_challenge__extratrees_training_effect/02_runs/run03H_et_v18_tier_balance_mt5_v1/mt5/reports/Project_Obsidian_Prime_v2_run03H_et_v18_tier_balance_mt5_v1_tier_b_fallback_only_validation_is.htm
run03H_et_v18_tier_balance_mt5_v1,v18_core42_features_q90,routed_validation_is,validation_is,Tier A+B,routed_total,completed,completed,completed,-336.82,0.78,293,stages/12_model_family_challenge__extratrees_training_effect/02_runs/run03H_et_v18_tier_balance_mt5_v1/mt5/reports/Project_Obsidian_Prime_v2_run03H_et_v18_tier_balance_mt5_v1_routed_validation_is.htm
run03H_et_v18_tier_balance_mt5_v1,v18_core42_features_q90,tier_a_only_oos,oos,Tier A,tier_only_total,completed,completed,completed,254.11,1.42,155,stages/12_model_family_challenge__extratrees_training_effect/02_runs/run03H_et_v18_tier_balance_mt5_v1/mt5/reports/Project_Obsidian_Prime_v2_run03H_et_v18_tier_balance_mt5_v1_tier_a_only_oos.htm
run03H_et_v18_tier_balance_mt5_v1,v18_core42_features_q90,tier_b_fallback_only_oos,oos,Tier B,tier_b_fallback_only_total,completed,completed,completed,-142.44,0.81,73,stages/12_model_family_challenge__extratrees_training_effect/02_runs/run03H_et_v18_tier_balance_mt5_v1/mt5/reports/Project_Obsidian_Prime_v2_run03H_et_v18_tier_balance_mt5_v1_tier_b_fallback_only_oos.htm
run03H_et_v18_tier_balance_mt5_v1,v18_core42_features_q90,routed_oos,oos,Tier A+B,routed_total,completed,completed,completed,346.44,1.47,241,stages/12_model_family_challenge__extratrees_training_effect/02_runs/run03H_et_v18_tier_balance_mt5_v1/mt5/reports/Project_Obsidian_Prime_v2_run03H_et_v18_tier_balance_mt5_v1_routed_oos.htm
run03H_et_v19_tier_balance_mt5_v1,v19_context16_features_q90,tier_a_only_validation_is,validation_is,Tier A,tier_only_total,completed,completed,completed,82.27,1.04,517,stages/12_model_family_challenge__extratrees_training_effect/02_runs/run03H_et_v19_tier_balance_mt5_v1/mt5/reports/Project_Obsidian_Prime_v2_run03H_et_v19_tier_balance_mt5_v1_tier_a_only_validation_is.htm
run03H_et_v19_tier_balance_mt5_v1,v19_context16_features_q90,tier_b_fallback_only_validation_is,validation_is,Tier B,tier_b_fallback_only_total,completed,completed,completed,-77.4,0.85,74,stages/12_model_family_challenge__extratrees_training_effect/02_runs/run03H_et_v19_tier_balance_mt5_v1/mt5/reports/Project_Obsidian_Prime_v2_run03H_et_v19_tier_balance_mt5_v1_tier_b_fallback_only_validation_is.htm
run03H_et_v19_tier_balance_mt5_v1,v19_context16_features_q90,routed_validation_is,validation_is,Tier A+B,routed_total,completed,completed,completed,-21.86,0.99,594,stages/12_model_family_challenge__extratrees_training_effect/02_runs/run03H_et_v19_tier_balance_mt5_v1/mt5/reports/Project_Obsidian_Prime_v2_run03H_et_v19_tier_balance_mt5_v1_routed_validation_is.htm
run03H_et_v19_tier_balance_mt5_v1,v19_context16_features_q90,tier_a_only_oos,oos,Tier A,tier_only_total,completed,completed,completed,132.82,1.11,317,stages/12_model_family_challenge__extratrees_training_effect/02_runs/run03H_et_v19_tier_balance_mt5_v1/mt5/reports/Project_Obsidian_Prime_v2_run03H_et_v19_tier_balance_mt5_v1_tier_a_only_oos.htm
run03H_et_v19_tier_balance_mt5_v1,v19_context16_features_q90,tier_b_fallback_only_oos,oos,Tier B,tier_b_fallback_only_total,completed,completed,completed,-118.86,0.84,72,stages/12_model_family_challenge__extratrees_training_effect/02_runs/run03H_et_v19_tier_balance_mt5_v1/mt5/reports/Project_Obsidian_Prime_v2_run03H_et_v19_tier_balance_mt5_v1_tier_b_fallback_only_oos.htm
run03H_et_v19_tier_balance_mt5_v1,v19_context16_features_q90,routed_oos,oos,Tier A+B,routed_total,completed,completed,completed,193.81,1.14,397,stages/12_model_family_challenge__extratrees_training_effect/02_runs/run03H_et_v19_tier_balance_mt5_v1/mt5/reports/Project_Obsidian_Prime_v2_run03H_et_v19_tier_balance_mt5_v1_routed_oos.htm
run03H_et_v20_tier_balance_mt5_v1,v20_base_inverse_q90,tier_a_only_validation_is,validation_is,Tier A,tier_only_total,completed,completed,completed,26.49,1.02,227,stages/12_model_family_challenge__extratrees_training_effect/02_runs/run03H_et_v20_tier_balance_mt5_v1/mt5/reports/Project_Obsidian_Prime_v2_run03H_et_v20_tier_balance_mt5_v1_tier_a_only_validation_is.htm
run03H_et_v20_tier_balance_mt5_v1,v20_base_inverse_q90,tier_b_fallback_only_validation_is,validation_is,Tier B,tier_b_fallback_only_total,completed,completed,completed,-210.34,0.65,77,stages/12_model_family_challenge__extratrees_training_effect/02_runs/run03H_et_v20_tier_balance_mt5_v1/mt5/reports/Project_Obsidian_Prime_v2_run03H_et_v20_tier_balance_mt5_v1_tier_b_fallback_only_validation_is.htm
run03H_et_v20_tier_balance_mt5_v1,v20_base_inverse_q90,routed_validation_is,validation_is,Tier A+B,routed_total,completed,completed,completed,-5.8,1,306,stages/12_model_family_challenge__extratrees_training_effect/02_runs/run03H_et_v20_tier_balance_mt5_v1/mt5/reports/Project_Obsidian_Prime_v2_run03H_et_v20_tier_balance_mt5_v1_routed_validation_is.htm
run03H_et_v20_tier_balance_mt5_v1,v20_base_inverse_q90,tier_a_only_oos,oos,Tier A,tier_only_total,completed,completed,completed,-386.29,0.6,163,stages/12_model_family_challenge__extratrees_training_effect/02_runs/run03H_et_v20_tier_balance_mt5_v1/mt5/reports/Project_Obsidian_Prime_v2_run03H_et_v20_tier_balance_mt5_v1_tier_a_only_oos.htm
run03H_et_v20_tier_balance_mt5_v1,v20_base_inverse_q90,tier_b_fallback_only_oos,oos,Tier B,tier_b_fallback_only_total,completed,completed,completed,161.18,1.23,81,stages/12_model_family_challenge__extratrees_training_effect/02_runs/run03H_et_v20_tier_balance_mt5_v1/mt5/reports/Project_Obsidian_Prime_v2_run03H_et_v20_tier_balance_mt5_v1_tier_b_fallback_only_oos.htm
run03H_et_v20_tier_balance_mt5_v1,v20_base_inverse_q90,routed_oos,oos,Tier A+B,routed_total,completed,completed,completed,-494.55,0.6,255,stages/12_model_family_challenge__extratrees_training_effect/02_runs/run03H_et_v20_tier_balance_mt5_v1/mt5/reports/Project_Obsidian_Prime_v2_run03H_et_v20_tier_balance_mt5_v1_routed_oos.htm
