run_id,stage_id,lane,status,judgment,path,notes
20260424_raw_m5_inventory,01_data_foundation__raw_m5_inventory,evidence,reviewed,positive,stages/01_data_foundation__raw_m5_inventory/02_runs/20260424_raw_m5_inventory,12/12 expected raw M5 symbols usable; no manifest mismatch; timezone binding remains open
20260424_time_semantics_probe,01_data_foundation__raw_m5_inventory,evidence,reviewed,negative_direct_utc_positive_broker_clock_candidate,stages/01_data_foundation__raw_m5_inventory/02_runs/20260424_time_semantics_probe,direct UTC match ratio 0.0 across 7417 equity symbol-days; broker wall-clock-like ratio 0.929082; closed by dual time-axis policy decision
20260424_broker_session_calendar_mapper,01_data_foundation__raw_m5_inventory,evidence,reviewed,positive,stages/01_data_foundation__raw_m5_inventory/02_runs/20260424_broker_session_calendar_mapper,Europe/Athens broker clock to America/New_York session mapper reviewed; full cash session ratio 0.854122; partial sessions explicit
20260424_feature_frame_target_probe,01_data_foundation__raw_m5_inventory,evidence,reviewed,positive,stages/01_data_foundation__raw_m5_inventory/02_runs/20260424_feature_frame_target_probe,selected first clean feature-frame target practical_start_full_cash_day_valid_rows_only; 54439 valid rows; handoff to 02_feature_frame__practical_full_cash_freeze
20260424_practical_full_cash_freeze_materialization,02_feature_frame__practical_full_cash_freeze,evidence,reviewed,positive,stages/02_feature_frame__practical_full_cash_freeze/02_runs/20260424_practical_full_cash_freeze_materialization,materialized first shared feature-frame freeze dataset_fpmarkets_v2_us100_m5_20220901_20260413_cashopen_fullcash_valid_freeze01; 54439 selected rows; external verification not applicable by claim
20260425_label_v1_fwd12_split_v1_materialization,03_training_dataset__label_split_contract,evidence,reviewed,positive,stages/03_training_dataset__label_split_contract/02_runs/20260425_label_v1,materialized first default 60-minute 3-class label/split training dataset; 46650 rows; external verification not applicable by claim
20260425_model_input_feature_set_v1_no_placeholder_top3_weights,04_model_input_readiness__weights_parity_feature_audit,evidence,reviewed,positive_interim_quarantine_materialized,stages/04_model_input_readiness__weights_parity_feature_audit/02_runs/20260425_model_input_feature_set_v1,materialized interim model-input quarantine artifact with placeholder top3 weight features excluded; 46650 rows; 56 included features; not the final pre-alpha 58-feature path; external verification not applicable by claim
20260425_top3_price_proxy_weights_v1,04_model_input_readiness__weights_parity_feature_audit,evidence,reviewed,positive_price_proxy_weights_materialized,stages/04_model_input_readiness__weights_parity_feature_audit/02_runs/20260425_top3_price_proxy_weights_v1,materialized MT5 price-proxy monthly top3 weights for MSFT/NVDA/AAPL; 45 months 2022-08 through 2026-04; bootstrap month 2022-08; weights are not actual NDX/QQQ weights
20260425_label_v1_fwd12_split_v1_proxyw58,04_model_input_readiness__weights_parity_feature_audit,evidence,reviewed,positive_proxy_training_dataset_materialized,stages/04_model_input_readiness__weights_parity_feature_audit/02_runs/20260425_label_v1_fwd12_split_v1_proxyw58,rematerialized label/split dataset from the MT5 price-proxy 58-feature frame; 46650 rows; train/validation/oos 29222/9844/7584
20260425_model_input_feature_set_v2_mt5_price_proxy_58,04_model_input_readiness__weights_parity_feature_audit,evidence,reviewed,positive_58_feature_proxy_input_materialized,stages/04_model_input_readiness__weights_parity_feature_audit/02_runs/20260425_mi_v2_proxy58,materialized selected Stage 04 58-feature model input with top3_weighted_return_1 and us100_minus_top3_weighted_return_1 restored using MT5 price-proxy weights; not actual index weights; handoff to Stage 05 audit
20260425_stage05_feature_integrity_audit_v1,05_feature_integrity__formula_time_alignment_leakage_audit,evidence,reviewed,positive_feature_integrity_audit_passed,stages/05_feature_integrity__formula_time_alignment_leakage_audit/02_runs/20260425_stage05_feature_integrity_audit_v1,integrated Stage 05 feature formula/time-session/external-alignment/label-leakage audit passed for the MT5 price-proxy 58-feature model input; 54439 feature-frame rows; 46650 model-input rows; no model quality or runtime authority claim
20260425_stage06_runtime_parity_blocked_v1,06_runtime_parity__python_mt5_runtime_authority,runtime,reviewed,blocked_runtime_authority_mt5_snapshot_missing_or_stale,stages/06_runtime_parity__python_mt5_runtime_authority/02_runs/20260425_stage06_runtime_parity_blocked_v1,Stage 06 runtime probe(Stage 06 런타임 탐침) blocked(차단); Python snapshot(파이썬 스냅샷)과 MT5 handoff package(MT5 인계 묶음) 물질화; MetaEditor compile(메타에디터 컴파일) 0 errors/0 warnings(오류 0/경고 0); MT5 snapshot(MT5 스냅샷) 없음; checked-in MT5 audit tools(저장소 MT5 감사 도구)는 stale equal-weight surface(낡은 동일가중 표면); runtime authority(런타임 권위) 주장 없음
20260425_stage06_runtime_parity_closed_v1,06_runtime_parity__python_mt5_runtime_authority,runtime,reviewed,positive_runtime_parity_passed,stages/06_runtime_parity__python_mt5_runtime_authority/02_runs/20260425_stage06_runtime_parity_closed_v1,closed Stage 06 Python/MT5 runtime parity for the minimum fixture set; 5 Python snapshot rows and 5 MT5 snapshot rows compared; max abs diff 0.0000017512503873717833 within tolerance 0.00001; runtime authority only for Stage 06 minimum fixture set
20260425_stage07_baseline_training_smoke_v1,07_model_training_baseline__contract_preprocessing_smoke,model_training_smoke,reviewed,positive_baseline_training_smoke_passed,stages/07_model_training_baseline__contract_preprocessing_smoke/02_runs/20260425_stage07_baseline_training_smoke_v1,materialized Stage 07 Python-side baseline logistic-regression training smoke; 46650 model-input rows; 58 features; train/validation/oos 29222/9844/7584; model artifact model_fpmarkets_v2_stage07_logreg_smoke_v1; not alpha quality or operating promotion
run01A_logreg_threshold_mt5_scout_v1,10_alpha_scout__default_split_model_threshold_scan,alpha_runtime_probe,reviewed,inconclusive_single_split_scout_mt5_routed_completed,stages/10_alpha_scout__default_split_model_threshold_scan/02_runs/run01A_logreg_threshold_mt5_scout_v1,mt5_views=tier_a_only;tier_b_fallback_only;tier_a_primary_tier_b_fallback;tier_b_fallback_rows=12398;no_tier_labelable_rows=1053;validation_a_only_net_profit=324.13;validation_a_only_pf=1.3;validation_b_only_net_profit=49.48;validation_b_only_pf=2.76;validation_net_profit=355.65;validation_pf=1.33;validation_b_fallback_used=2366;oos_a_only_net_profit=130.01;oos_a_only_pf=1.15;oos_b_only_net_profit=-19.15;oos_b_only_pf=0.87;oos_net_profit=174.89;oos_pf=1.21;oos_b_fallback_used=1062;external_verification=completed;boundary=runtime_probe_only
run01B_logreg_tier_threshold_risk_probe_v1,10_alpha_scout__default_split_model_threshold_scan,alpha_runtime_probe,reviewed,inconclusive_single_split_scout_mt5_routed_completed,stages/10_alpha_scout__default_split_model_threshold_scan/02_runs/run01B_logreg_tier_threshold_risk_probe_v1,mt5_views=tier_a_only;tier_b_fallback_only;tier_a_primary_tier_b_fallback;tier_b_fallback_rows=12398;no_tier_labelable_rows=1053;validation_a_only_net_profit=-15.36;validation_a_only_pf=0.99;validation_b_only_net_profit=52.18;validation_b_only_pf=7.67;validation_net_profit=-43.43;validation_pf=0.96;validation_b_fallback_used=2366;oos_a_only_net_profit=229.71;oos_a_only_pf=1.3;oos_b_only_net_profit=-19.1;oos_b_only_pf=0.75;oos_net_profit=257.52;oos_pf=1.34;oos_b_fallback_used=1062;external_verification=completed;boundary=runtime_probe_only
run01C_logreg_b_strict_fallback_ablation_v1,10_alpha_scout__default_split_model_threshold_scan,alpha_runtime_probe,reviewed,inconclusive_single_split_scout_mt5_routed_completed,stages/10_alpha_scout__default_split_model_threshold_scan/02_runs/run01C_logreg_b_strict_fallback_ablation_v1,mt5_views=tier_a_only;tier_b_fallback_only;tier_a_primary_tier_b_fallback;tier_b_fallback_rows=12398;no_tier_labelable_rows=1053;validation_a_only_net_profit=324.13;validation_a_only_pf=1.3;validation_b_only_net_profit=44.4;validation_b_only_pf=3.93;validation_net_profit=330.01;validation_pf=1.31;validation_b_fallback_used=2366;oos_a_only_net_profit=130.01;oos_a_only_pf=1.15;oos_b_only_net_profit=-19.31;oos_b_only_pf=0.75;oos_net_profit=123.79;oos_pf=1.15;oos_b_fallback_used=1062;external_verification=completed;boundary=runtime_probe_only
run01D_logreg_tier_a_strict_hold12_ablation_v1,10_alpha_scout__default_split_model_threshold_scan,alpha_runtime_probe,reviewed,inconclusive_single_split_scout_mt5_routed_completed,stages/10_alpha_scout__default_split_model_threshold_scan/02_runs/run01D_logreg_tier_a_strict_hold12_ablation_v1,mt5_views=tier_a_only;tier_b_fallback_only;tier_a_primary_tier_b_fallback;tier_b_fallback_rows=12398;no_tier_labelable_rows=1053;validation_a_only_net_profit=115.52;validation_a_only_pf=1.11;validation_b_only_net_profit=44.4;validation_b_only_pf=3.93;validation_net_profit=121.4;validation_pf=1.12;validation_b_fallback_used=2366;oos_a_only_net_profit=121.88;oos_a_only_pf=1.15;oos_b_only_net_profit=-19.31;oos_b_only_pf=0.75;oos_net_profit=103.64;oos_pf=1.13;oos_b_fallback_used=1062;external_verification=completed;boundary=runtime_probe_only
run01E_logreg_a_base_b_strict_hold9_v1,10_alpha_scout__default_split_model_threshold_scan,alpha_runtime_probe,reviewed,inconclusive_single_split_scout_mt5_routed_completed,stages/10_alpha_scout__default_split_model_threshold_scan/02_runs/run01E_logreg_a_base_b_strict_hold9_v1,mt5_views=tier_a_only;tier_b_fallback_only;tier_a_primary_tier_b_fallback;tier_b_fallback_rows=12398;no_tier_labelable_rows=1053;validation_a_only_net_profit=82.69;validation_a_only_pf=1.07;validation_b_only_net_profit=52.18;validation_b_only_pf=7.67;validation_net_profit=54.62;validation_pf=1.05;validation_b_fallback_used=2366;oos_a_only_net_profit=256.99;oos_a_only_pf=1.34;oos_b_only_net_profit=-19.1;oos_b_only_pf=0.75;oos_net_profit=281.83;oos_pf=1.37;oos_b_fallback_used=1062;external_verification=completed;boundary=runtime_probe_only
run01F_logreg_a_base_b_base_hold9_v1,10_alpha_scout__default_split_model_threshold_scan,alpha_runtime_probe,reviewed,inconclusive_single_split_scout_mt5_routed_completed,stages/10_alpha_scout__default_split_model_threshold_scan/02_runs/run01F_logreg_a_base_b_base_hold9_v1,mt5_views=tier_a_only;tier_b_fallback_only;tier_a_primary_tier_b_fallback;tier_b_fallback_rows=12398;no_tier_labelable_rows=1053;validation_a_only_net_profit=82.69;validation_a_only_pf=1.07;validation_b_only_net_profit=28.09;validation_b_only_pf=1.71;validation_net_profit=54.3;validation_pf=1.05;validation_b_fallback_used=2366;oos_a_only_net_profit=256.99;oos_a_only_pf=1.34;oos_b_only_net_profit=-32.35;oos_b_only_pf=0.84;oos_net_profit=280.91;oos_pf=1.36;oos_b_fallback_used=1062;external_verification=completed;boundary=runtime_probe_only
run01G_logreg_a_base_no_fallback_hold9_v1,10_alpha_scout__default_split_model_threshold_scan,alpha_runtime_probe,reviewed,inconclusive_single_split_scout_mt5_routed_completed,stages/10_alpha_scout__default_split_model_threshold_scan/02_runs/run01G_logreg_a_base_no_fallback_hold9_v1,mt5_views=tier_a_only;tier_b_fallback_only;tier_a_primary_no_fallback;routing_mode=tier_a_primary_no_fallback;tier_b_fallback_rows=12398;no_tier_labelable_rows=1053;validation_a_only_net_profit=82.69;validation_a_only_pf=1.07;validation_b_only_net_profit=28.09;validation_b_only_pf=1.71;validation_net_profit=82.69;validation_pf=1.07;validation_b_fallback_used=0;oos_a_only_net_profit=256.99;oos_a_only_pf=1.34;oos_b_only_net_profit=-32.35;oos_b_only_pf=0.84;oos_net_profit=256.99;oos_pf=1.34;oos_b_fallback_used=0;external_verification=completed;boundary=runtime_probe_only
run01H_logreg_a_base_no_fallback_hold3_v1,10_alpha_scout__default_split_model_threshold_scan,alpha_runtime_probe,reviewed,inconclusive_single_split_scout_mt5_routed_completed,stages/10_alpha_scout__default_split_model_threshold_scan/02_runs/run01H_logreg_a_base_no_fallback_hold3_v1,mt5_views=tier_a_only;tier_b_fallback_only;tier_a_primary_no_fallback;routing_mode=tier_a_primary_no_fallback;tier_b_fallback_rows=12398;no_tier_labelable_rows=1053;validation_a_only_net_profit=15.36;validation_a_only_pf=1.01;validation_b_only_net_profit=26.8;validation_b_only_pf=2.43;validation_net_profit=15.36;validation_pf=1.01;validation_b_fallback_used=0;oos_a_only_net_profit=74.17;oos_a_only_pf=1.07;oos_b_only_net_profit=37.1;oos_b_only_pf=1.51;oos_net_profit=74.17;oos_pf=1.07;oos_b_fallback_used=0;external_verification=completed;boundary=runtime_probe_only
run01I_logreg_a_base_no_fallback_hold6_v1,10_alpha_scout__default_split_model_threshold_scan,alpha_runtime_probe,reviewed,inconclusive_single_split_scout_mt5_routed_completed,stages/10_alpha_scout__default_split_model_threshold_scan/02_runs/run01I_logreg_a_base_no_fallback_hold6_v1,mt5_views=tier_a_only;tier_b_fallback_only;tier_a_primary_no_fallback;routing_mode=tier_a_primary_no_fallback;tier_b_fallback_rows=12398;no_tier_labelable_rows=1053;validation_a_only_net_profit=95.63;validation_a_only_pf=1.07;validation_b_only_net_profit=43.38;validation_b_only_pf=2.34;validation_net_profit=95.63;validation_pf=1.07;validation_b_fallback_used=0;oos_a_only_net_profit=135.12;oos_a_only_pf=1.16;oos_b_only_net_profit=-74.92;oos_b_only_pf=0.57;oos_net_profit=135.12;oos_pf=1.16;oos_b_fallback_used=0;external_verification=completed;boundary=runtime_probe_only
run01J_logreg_a_base_no_fallback_hold12_v1,10_alpha_scout__default_split_model_threshold_scan,alpha_runtime_probe,reviewed,inconclusive_single_split_scout_mt5_routed_completed,stages/10_alpha_scout__default_split_model_threshold_scan/02_runs/run01J_logreg_a_base_no_fallback_hold12_v1,mt5_views=tier_a_only;tier_b_fallback_only;tier_a_primary_no_fallback;routing_mode=tier_a_primary_no_fallback;tier_b_fallback_rows=12398;no_tier_labelable_rows=1053;validation_a_only_net_profit=324.13;validation_a_only_pf=1.3;validation_b_only_net_profit=49.48;validation_b_only_pf=2.76;validation_net_profit=324.13;validation_pf=1.3;validation_b_fallback_used=0;oos_a_only_net_profit=130.01;oos_a_only_pf=1.15;oos_b_only_net_profit=-19.15;oos_b_only_pf=0.87;oos_net_profit=130.01;oos_pf=1.15;oos_b_fallback_used=0;external_verification=completed;boundary=runtime_probe_only
run01K_logreg_a_base_no_fallback_hold18_v1,10_alpha_scout__default_split_model_threshold_scan,alpha_runtime_probe,reviewed,inconclusive_single_split_scout_mt5_routed_completed,stages/10_alpha_scout__default_split_model_threshold_scan/02_runs/run01K_logreg_a_base_no_fallback_hold18_v1,mt5_views=tier_a_only;tier_b_fallback_only;tier_a_primary_no_fallback;routing_mode=tier_a_primary_no_fallback;tier_b_fallback_rows=12398;no_tier_labelable_rows=1053;validation_a_only_net_profit=266.68;validation_a_only_pf=1.25;validation_b_only_net_profit=-42.31;validation_b_only_pf=0.38;validation_net_profit=266.68;validation_pf=1.25;validation_b_fallback_used=0;oos_a_only_net_profit=133.78;oos_a_only_pf=1.17;oos_b_only_net_profit=61.63;oos_b_only_pf=1.44;oos_net_profit=133.78;oos_pf=1.17;oos_b_fallback_used=0;external_verification=completed;boundary=runtime_probe_only
run01L_logreg_a_base_no_fallback_hold24_v1,10_alpha_scout__default_split_model_threshold_scan,alpha_runtime_probe,reviewed,inconclusive_single_split_scout_mt5_routed_completed,stages/10_alpha_scout__default_split_model_threshold_scan/02_runs/run01L_logreg_a_base_no_fallback_hold24_v1,mt5_views=tier_a_only;tier_b_fallback_only;tier_a_primary_no_fallback;routing_mode=tier_a_primary_no_fallback;tier_b_fallback_rows=12398;no_tier_labelable_rows=1053;validation_a_only_net_profit=454.69;validation_a_only_pf=1.52;validation_b_only_net_profit=36.22;validation_b_only_pf=2.25;validation_net_profit=454.69;validation_pf=1.52;validation_b_fallback_used=0;oos_a_only_net_profit=100.99;oos_a_only_pf=1.14;oos_b_only_net_profit=26.27;oos_b_only_pf=1.11;oos_net_profit=100.99;oos_pf=1.14;oos_b_fallback_used=0;external_verification=completed;boundary=runtime_probe_only
run01N_logreg_a_base_no_fallback_hold9_session_mid_v1,10_alpha_scout__default_split_model_threshold_scan,alpha_runtime_probe,reviewed,inconclusive_single_split_scout_mt5_routed_completed,stages/10_alpha_scout__default_split_model_threshold_scan/02_runs/run01N_logreg_a_base_no_fallback_hold9_session_mid_v1,mt5_views=tier_a_only;tier_b_fallback_only;tier_a_primary_no_fallback;routing_mode=tier_a_primary_no_fallback;tier_b_fallback_rows=4048;no_tier_labelable_rows=309;validation_a_only_net_profit=334.73;validation_a_only_pf=1.82;validation_b_only_net_profit=43.15;validation_b_only_pf=0;validation_net_profit=334.73;validation_pf=1.82;validation_b_fallback_used=0;oos_a_only_net_profit=203.97;oos_a_only_pf=1.71;oos_b_only_net_profit=144.13;oos_b_only_pf=3.31;oos_net_profit=203.97;oos_pf=1.71;oos_b_fallback_used=0;external_verification=completed;boundary=runtime_probe_only
run01O_logreg_a_base_no_fallback_hold9_session_late_v1,10_alpha_scout__default_split_model_threshold_scan,alpha_runtime_probe,reviewed,inconclusive_single_split_scout_mt5_routed_completed,stages/10_alpha_scout__default_split_model_threshold_scan/02_runs/run01O_logreg_a_base_no_fallback_hold9_session_late_v1,mt5_views=tier_a_only;tier_b_fallback_only;tier_a_primary_no_fallback;routing_mode=tier_a_primary_no_fallback;tier_b_fallback_rows=5004;no_tier_labelable_rows=0;validation_a_only_net_profit=283.84;validation_a_only_pf=2.71;validation_b_only_net_profit=0;validation_b_only_pf=0;validation_net_profit=283.84;validation_pf=2.71;validation_b_fallback_used=0;oos_a_only_net_profit=-12.63;oos_a_only_pf=0.87;oos_b_only_net_profit=164.2;oos_b_only_pf=0;oos_net_profit=-12.63;oos_pf=0.87;oos_b_fallback_used=0;external_verification=completed;boundary=runtime_probe_only
run01M_logreg_a_base_no_fallback_hold9_session_early_v1,10_alpha_scout__default_split_model_threshold_scan,alpha_runtime_probe,reviewed,inconclusive_single_split_scout_mt5_routed_completed,stages/10_alpha_scout__default_split_model_threshold_scan/02_runs/run01M_logreg_a_base_no_fallback_hold9_session_early_v1,mt5_views=tier_a_only;tier_b_fallback_only;tier_a_primary_no_fallback;routing_mode=tier_a_primary_no_fallback;tier_b_fallback_rows=3346;no_tier_labelable_rows=744;validation_a_only_net_profit=-200.19;validation_a_only_pf=0.82;validation_b_only_net_profit=21.65;validation_b_only_pf=2.21;validation_net_profit=-200.19;validation_pf=0.82;validation_b_fallback_used=0;oos_a_only_net_profit=-76.39;oos_a_only_pf=0.92;oos_b_only_net_profit=38.63;oos_b_only_pf=1.37;oos_net_profit=-76.39;oos_pf=0.92;oos_b_fallback_used=0;external_verification=completed;boundary=runtime_probe_only
run01P_logreg_a_base_no_fallback_hold9_session_mid_first_v1,10_alpha_scout__default_split_model_threshold_scan,alpha_runtime_probe,reviewed,inconclusive_single_split_scout_mt5_routed_completed,stages/10_alpha_scout__default_split_model_threshold_scan/02_runs/run01P_logreg_a_base_no_fallback_hold9_session_mid_first_v1,mt5_views=tier_a_only;tier_b_fallback_only;tier_a_primary_no_fallback;routing_mode=tier_a_primary_no_fallback;tier_b_fallback_rows=1917;no_tier_labelable_rows=304;validation_a_only_net_profit=-146;validation_a_only_pf=0.79;validation_b_only_net_profit=56.14;validation_b_only_pf=0;validation_net_profit=-146;validation_pf=0.79;validation_b_fallback_used=0;oos_a_only_net_profit=115.23;oos_a_only_pf=1.37;oos_b_only_net_profit=1.71;oos_b_only_pf=1.03;oos_net_profit=115.23;oos_pf=1.37;oos_b_fallback_used=0;external_verification=completed;boundary=runtime_probe_only
run01Q_logreg_a_base_no_fallback_hold9_session_mid_second_v1,10_alpha_scout__default_split_model_threshold_scan,alpha_runtime_probe,reviewed,inconclusive_single_split_scout_mt5_routed_completed,stages/10_alpha_scout__default_split_model_threshold_scan/02_runs/run01Q_logreg_a_base_no_fallback_hold9_session_mid_second_v1,mt5_views=tier_a_only;tier_b_fallback_only;tier_a_primary_no_fallback;routing_mode=tier_a_primary_no_fallback;tier_b_fallback_rows=2131;no_tier_labelable_rows=5;validation_a_only_net_profit=331.36;validation_a_only_pf=2.38;validation_b_only_net_profit=0;validation_b_only_pf=0;validation_net_profit=331.36;validation_pf=2.38;validation_b_fallback_used=0;oos_a_only_net_profit=136.54;oos_a_only_pf=1.8;oos_b_only_net_profit=190.52;oos_b_only_pf=0;oos_net_profit=136.54;oos_pf=1.8;oos_b_fallback_used=0;external_verification=completed;boundary=runtime_probe_only
run01R_logreg_a_base_fallback_bmacro_hold9_session_mid_second_v1,10_alpha_scout__default_split_model_threshold_scan,alpha_runtime_probe,reviewed,inconclusive_single_split_scout_mt5_routed_completed,stages/10_alpha_scout__default_split_model_threshold_scan/02_runs/run01R_logreg_a_base_fallback_bmacro_hold9_session_mid_second_v1,"mt5_views=tier_a_only;tier_b_fallback_only;tier_a_primary_tier_b_fallback;routing_mode=tier_a_primary_tier_b_fallback;tier_b_fallback_rows=2096;tier_b_fallback_allowed_subtypes=[""B_macro_missing""];tier_b_fallback_filtered_out_rows=35;no_tier_labelable_rows=40;validation_a_only_net_profit=331.36;validation_a_only_pf=2.38;validation_b_only_net_profit=0;validation_b_only_pf=0;validation_net_profit=288.81;validation_pf=2.21;validation_b_fallback_used=442;oos_a_only_net_profit=136.54;oos_a_only_pf=1.8;oos_b_only_net_profit=190.52;oos_b_only_pf=0;oos_net_profit=128.25;oos_pf=1.71;oos_b_fallback_used=165;external_verification=completed;boundary=runtime_probe_only"
run01S_logreg_a_base_no_fallback_hold9_session_mid_second_first_v1,10_alpha_scout__default_split_model_threshold_scan,alpha_runtime_probe,reviewed,inconclusive_single_split_scout_mt5_routed_completed,stages/10_alpha_scout__default_split_model_threshold_scan/02_runs/run01S_logreg_a_base_no_fallback_hold9_session_mid_second_first_v1,mt5_views=tier_a_only;tier_b_fallback_only;tier_a_primary_no_fallback;routing_mode=tier_a_primary_no_fallback;tier_b_fallback_rows=1223;tier_b_fallback_allowed_subtypes=NA;tier_b_fallback_filtered_out_rows=0;no_tier_labelable_rows=5;validation_a_only_net_profit=-17.45;validation_a_only_pf=0.95;validation_b_only_net_profit=0;validation_b_only_pf=0;validation_net_profit=-17.45;validation_pf=0.95;validation_b_fallback_used=0;oos_a_only_net_profit=200.05;oos_a_only_pf=1.58;oos_b_only_net_profit=189.32;oos_b_only_pf=0;oos_net_profit=200.05;oos_pf=1.58;oos_b_fallback_used=0;external_verification=completed;boundary=runtime_probe_only
run01T_logreg_a_base_no_fallback_hold9_session_mid_second_second_v1,10_alpha_scout__default_split_model_threshold_scan,alpha_runtime_probe,reviewed,inconclusive_single_split_scout_mt5_routed_completed,stages/10_alpha_scout__default_split_model_threshold_scan/02_runs/run01T_logreg_a_base_no_fallback_hold9_session_mid_second_second_v1,mt5_views=tier_a_only;tier_b_fallback_only;tier_a_primary_no_fallback;routing_mode=tier_a_primary_no_fallback;tier_b_fallback_rows=908;tier_b_fallback_allowed_subtypes=NA;tier_b_fallback_filtered_out_rows=0;no_tier_labelable_rows=0;validation_a_only_net_profit=262.33;validation_a_only_pf=2.37;validation_b_only_net_profit=0;validation_b_only_pf=0;validation_net_profit=262.33;validation_pf=2.37;validation_b_fallback_used=0;oos_a_only_net_profit=277.88;oos_a_only_pf=2.67;oos_b_only_net_profit=0;oos_b_only_pf=0;oos_net_profit=277.88;oos_pf=2.67;oos_b_fallback_used=0;external_verification=completed;boundary=runtime_probe_only
run01U_logreg_a_base_no_fallback_hold9_session_mid_second_second_first_v1,10_alpha_scout__default_split_model_threshold_scan,alpha_runtime_probe,reviewed,inconclusive_single_split_scout_mt5_routed_completed,stages/10_alpha_scout__default_split_model_threshold_scan/02_runs/run01U_logreg_a_base_no_fallback_hold9_session_mid_second_second_first_v1,mt5_views=tier_a_only;tier_b_fallback_only;tier_a_primary_no_fallback;routing_mode=tier_a_primary_no_fallback;tier_b_fallback_rows=572;tier_b_fallback_allowed_subtypes=NA;tier_b_fallback_filtered_out_rows=0;no_tier_labelable_rows=0;validation_a_only_net_profit=106.72;validation_a_only_pf=1.69;validation_b_only_net_profit=0;validation_b_only_pf=0;validation_net_profit=106.72;validation_pf=1.69;validation_b_fallback_used=0;oos_a_only_net_profit=274.65;oos_a_only_pf=2.95;oos_b_only_net_profit=0;oos_b_only_pf=0;oos_net_profit=274.65;oos_pf=2.95;oos_b_fallback_used=0;external_verification=completed;boundary=runtime_probe_only
run01V_logreg_a_base_no_fallback_hold9_session_mid_second_second_second_v1,10_alpha_scout__default_split_model_threshold_scan,alpha_runtime_probe,reviewed,inconclusive_single_split_scout_mt5_routed_completed,stages/10_alpha_scout__default_split_model_threshold_scan/02_runs/run01V_logreg_a_base_no_fallback_hold9_session_mid_second_second_second_v1,mt5_views=tier_a_only;tier_b_fallback_only;tier_a_primary_no_fallback;routing_mode=tier_a_primary_no_fallback;tier_b_fallback_rows=336;tier_b_fallback_allowed_subtypes=NA;tier_b_fallback_filtered_out_rows=0;no_tier_labelable_rows=0;validation_a_only_net_profit=299.93;validation_a_only_pf=2.61;validation_b_only_net_profit=0;validation_b_only_pf=0;validation_net_profit=299.93;validation_pf=2.61;validation_b_fallback_used=0;oos_a_only_net_profit=14.98;oos_a_only_pf=1.09;oos_b_only_net_profit=0;oos_b_only_pf=0;oos_net_profit=14.98;oos_pf=1.09;oos_b_fallback_used=0;external_verification=completed;boundary=runtime_probe_only
run01W_logreg_a_base_no_fallback_hold9_session_mid_second_overlap_190_210_v1,10_alpha_scout__default_split_model_threshold_scan,alpha_runtime_probe,reviewed,inconclusive_single_split_scout_mt5_routed_completed,stages/10_alpha_scout__default_split_model_threshold_scan/02_runs/run01W_logreg_a_base_no_fallback_hold9_session_mid_second_overlap_190_210_v1,mt5_views=tier_a_only;tier_b_fallback_only;tier_a_primary_no_fallback;routing_mode=tier_a_primary_no_fallback;tier_b_fallback_rows=778;tier_b_fallback_allowed_subtypes=NA;tier_b_fallback_filtered_out_rows=0;no_tier_labelable_rows=0;validation_a_only_net_profit=68.22;validation_a_only_pf=1.33;validation_b_only_net_profit=0;validation_b_only_pf=0;validation_net_profit=68.22;validation_pf=1.33;validation_b_fallback_used=0;oos_a_only_net_profit=237.21;oos_a_only_pf=2.11;oos_b_only_net_profit=0;oos_b_only_pf=0;oos_net_profit=237.21;oos_pf=2.11;oos_b_fallback_used=0;external_verification=completed;boundary=runtime_probe_only
run01X_logreg_a_base_no_fallback_hold9_session_mid_second_overlap_195_215_v1,10_alpha_scout__default_split_model_threshold_scan,alpha_runtime_probe,reviewed,inconclusive_single_split_scout_mt5_routed_completed,stages/10_alpha_scout__default_split_model_threshold_scan/02_runs/run01X_logreg_a_base_no_fallback_hold9_session_mid_second_overlap_195_215_v1,mt5_views=tier_a_only;tier_b_fallback_only;tier_a_primary_no_fallback;routing_mode=tier_a_primary_no_fallback;tier_b_fallback_rows=707;tier_b_fallback_allowed_subtypes=NA;tier_b_fallback_filtered_out_rows=0;no_tier_labelable_rows=0;validation_a_only_net_profit=366.02;validation_a_only_pf=3.84;validation_b_only_net_profit=0;validation_b_only_pf=0;validation_net_profit=366.02;validation_pf=3.84;validation_b_fallback_used=0;oos_a_only_net_profit=242.64;oos_a_only_pf=2.18;oos_b_only_net_profit=0;oos_b_only_pf=0;oos_net_profit=242.64;oos_pf=2.18;oos_b_fallback_used=0;external_verification=completed;boundary=runtime_probe_only
run01Y_logreg_a_base_no_fallback_hold9_session_mid_second_overlap_200_220_v1,10_alpha_scout__default_split_model_threshold_scan,alpha_runtime_probe,reviewed,inconclusive_single_split_scout_mt5_routed_completed,stages/10_alpha_scout__default_split_model_threshold_scan/02_runs/run01Y_logreg_a_base_no_fallback_hold9_session_mid_second_overlap_200_220_v1,mt5_views=tier_a_only;tier_b_fallback_only;tier_a_primary_no_fallback;routing_mode=tier_a_primary_no_fallback;tier_b_fallback_rows=696;tier_b_fallback_allowed_subtypes=NA;tier_b_fallback_filtered_out_rows=0;no_tier_labelable_rows=0;validation_a_only_net_profit=318.48;validation_a_only_pf=3.88;validation_b_only_net_profit=0;validation_b_only_pf=0;validation_net_profit=318.48;validation_pf=3.88;validation_b_fallback_used=0;oos_a_only_net_profit=313.14;oos_a_only_pf=3.99;oos_b_only_net_profit=0;oos_b_only_pf=0;oos_net_profit=313.14;oos_pf=3.99;oos_b_fallback_used=0;external_verification=completed;boundary=runtime_probe_only
run01Z_logreg_a_base_no_fallback_hold6_session_mid_second_overlap_200_220_v1,10_alpha_scout__default_split_model_threshold_scan,alpha_runtime_probe,reviewed,inconclusive_single_split_scout_mt5_routed_completed,stages/10_alpha_scout__default_split_model_threshold_scan/02_runs/run01Z_logreg_a_base_no_fallback_hold6_session_mid_second_overlap_200_220_v1,mt5_views=tier_a_only;tier_b_fallback_only;tier_a_primary_no_fallback;routing_mode=tier_a_primary_no_fallback;tier_b_fallback_rows=696;tier_b_fallback_allowed_subtypes=NA;tier_b_fallback_filtered_out_rows=0;no_tier_labelable_rows=0;validation_a_only_net_profit=264.14;validation_a_only_pf=2.99;validation_b_only_net_profit=0;validation_b_only_pf=0;validation_net_profit=264.14;validation_pf=2.99;validation_b_fallback_used=0;oos_a_only_net_profit=109.65;oos_a_only_pf=1.66;oos_b_only_net_profit=0;oos_b_only_pf=0;oos_net_profit=109.65;oos_pf=1.66;oos_b_fallback_used=0;external_verification=completed;boundary=runtime_probe_only
run01AA_logreg_a_base_no_fallback_hold12_session_mid_second_overlap_200_220_v1,10_alpha_scout__default_split_model_threshold_scan,alpha_runtime_probe,reviewed,inconclusive_single_split_scout_mt5_routed_completed,stages/10_alpha_scout__default_split_model_threshold_scan/02_runs/run01AA_logreg_a_base_no_fallback_hold12_session_mid_second_overlap_200_220_v1,mt5_views=tier_a_only;tier_b_fallback_only;tier_a_primary_no_fallback;routing_mode=tier_a_primary_no_fallback;tier_b_fallback_rows=696;tier_b_fallback_allowed_subtypes=NA;tier_b_fallback_filtered_out_rows=0;no_tier_labelable_rows=0;validation_a_only_net_profit=447.76;validation_a_only_pf=4.55;validation_b_only_net_profit=0;validation_b_only_pf=0;validation_net_profit=447.76;validation_pf=4.55;validation_b_fallback_used=0;oos_a_only_net_profit=225.69;oos_a_only_pf=2.57;oos_b_only_net_profit=0;oos_b_only_pf=0;oos_net_profit=225.69;oos_pf=2.57;oos_b_fallback_used=0;external_verification=completed;boundary=runtime_probe_only
run01AB_logreg_a_strict_margin025_no_fallback_hold9_session_mid_second_overlap_200_220_v1,10_alpha_scout__default_split_model_threshold_scan,alpha_runtime_probe,reviewed,inconclusive_single_split_scout_mt5_routed_completed,stages/10_alpha_scout__default_split_model_threshold_scan/02_runs/run01AB_logreg_a_strict_margin025_no_fallback_hold9_session_mid_second_overlap_200_220_v1,mt5_views=tier_a_only;tier_b_fallback_only;tier_a_primary_no_fallback;routing_mode=tier_a_primary_no_fallback;tier_b_fallback_rows=696;tier_b_fallback_allowed_subtypes=NA;tier_b_fallback_filtered_out_rows=0;no_tier_labelable_rows=0;validation_a_only_net_profit=318.48;validation_a_only_pf=3.88;validation_b_only_net_profit=0;validation_b_only_pf=0;validation_net_profit=318.48;validation_pf=3.88;validation_b_fallback_used=0;oos_a_only_net_profit=313.14;oos_a_only_pf=3.99;oos_b_only_net_profit=0;oos_b_only_pf=0;oos_net_profit=313.14;oos_pf=3.99;oos_b_fallback_used=0;external_verification=completed;boundary=runtime_probe_only
run01AC_logreg_a_strict_prob_no_fallback_hold9_session_mid_second_overlap_200_220_v1,10_alpha_scout__default_split_model_threshold_scan,alpha_runtime_probe,reviewed,inconclusive_single_split_scout_mt5_routed_completed,stages/10_alpha_scout__default_split_model_threshold_scan/02_runs/run01AC_logreg_a_strict_prob_no_fallback_hold9_session_mid_second_overlap_200_220_v1,mt5_views=tier_a_only;tier_b_fallback_only;tier_a_primary_no_fallback;routing_mode=tier_a_primary_no_fallback;tier_b_fallback_rows=696;tier_b_fallback_allowed_subtypes=NA;tier_b_fallback_filtered_out_rows=0;no_tier_labelable_rows=0;validation_a_only_net_profit=143.91;validation_a_only_pf=2.3;validation_b_only_net_profit=0;validation_b_only_pf=0;validation_net_profit=143.91;validation_pf=2.3;validation_b_fallback_used=0;oos_a_only_net_profit=219.09;oos_a_only_pf=5.53;oos_b_only_net_profit=0;oos_b_only_pf=0;oos_net_profit=219.09;oos_pf=5.53;oos_b_fallback_used=0;external_verification=completed;boundary=runtime_probe_only
run02A_lgbm_training_method_scout_v1,11_alpha_robustness__wfo_label_horizon_sensitivity,alpha_training_method_scout,reviewed,inconclusive_training_method_scout_mt5_runtime_probe_completed,stages/11_alpha_robustness__wfo_label_horizon_sensitivity/02_runs/run02A_lgbm_training_method_scout_v1,model_family=lightgbm_lgbmclassifier_multiclass;comparison_reference=run01Y_logreg_a_base_no_fallback_hold9_session_mid_second_overlap_200_220_v1;decision_surface=run01Y_threshold_surface_short0600_long0450_margin000_hold9_slice200_220;session_slice=mid_second_overlap_200_220;max_hold_bars=9;tier_b_fallback_rows=696;no_tier_labelable_rows=0;tier_a_signal_coverage=0.228502;tier_b_signal_coverage=0.114943;combined_signal_coverage=0.206425;validation_net_profit=-496.88;validation_pf=0.25;validation_b_fallback_used=32;oos_net_profit=-27.44;oos_pf=0.94;oos_b_fallback_used=64;external_verification=completed;boundary=mt5_runtime_probe_only
run02B_lgbm_rank_threshold_scout_v1,11_alpha_robustness__wfo_label_horizon_sensitivity,alpha_threshold_scout,reviewed,inconclusive_lgbm_rank_threshold_mt5_runtime_probe_completed,stages/11_alpha_robustness__wfo_label_horizon_sensitivity/02_runs/run02B_lgbm_rank_threshold_scout_v1,model_family=lightgbm_lgbmclassifier_multiclass;comparison_reference=run01Y_logreg_a_base_no_fallback_hold9_session_mid_second_overlap_200_220_v1;decision_surface=run02B_lgbm_rank_target_threshold_surface_hold9_slice200_220;threshold_method=rank_target_quantile;routed_attempt_policy=routed_only;session_slice=mid_second_overlap_200_220;max_hold_bars=9;tier_b_fallback_rows=696;no_tier_labelable_rows=0;tier_a_signal_coverage=0.117198;tier_b_signal_coverage=0.176724;combined_signal_coverage=0.128771;validation_net_profit=-496.45;validation_pf=0.23;validation_b_fallback_used=32;oos_net_profit=-92.09;oos_pf=0.76;oos_b_fallback_used=64;external_verification=completed;boundary=mt5_runtime_probe_only
run02C_lgbm_long_only_direction_isolation_v1,11_alpha_robustness__wfo_label_horizon_sensitivity,alpha_direction_isolation_scout,reviewed,inconclusive_long_only_mt5_runtime_probe_completed,stages/11_alpha_robustness__wfo_label_horizon_sensitivity/02_runs/run02C_lgbm_long_only_direction_isolation_v1,idea_id=IDEA-ST11-LGBM-DIRECTION-LONG-ONLY;model_family=lightgbm_lgbmclassifier_multiclass;comparison_reference=run01Y_logreg_a_base_no_fallback_hold9_session_mid_second_overlap_200_220_v1;decision_surface=run02C_lgbm_long_only_direction_surface_hold9_slice200_220;variant_mode=long_only;context_gate=NA;session_slice=mid_second_overlap_200_220;max_hold_bars=9;tier_b_fallback_rows=696;no_tier_labelable_rows=0;tier_a_signal_coverage=0.101942;tier_b_signal_coverage=0.127874;combined_signal_coverage=0.106983;validation_net_profit=-154.01;validation_pf=0.68;validation_b_fallback_used=152;oos_net_profit=82.69;oos_pf=1.35;oos_b_fallback_used=64;external_verification=completed;boundary=mt5_runtime_probe_only
run02D_lgbm_short_only_direction_isolation_v1,11_alpha_robustness__wfo_label_horizon_sensitivity,alpha_direction_isolation_scout,reviewed,inconclusive_short_only_mt5_runtime_probe_completed,stages/11_alpha_robustness__wfo_label_horizon_sensitivity/02_runs/run02D_lgbm_short_only_direction_isolation_v1,idea_id=IDEA-ST11-LGBM-DIRECTION-SHORT-ONLY;model_family=lightgbm_lgbmclassifier_multiclass;comparison_reference=run01Y_logreg_a_base_no_fallback_hold9_session_mid_second_overlap_200_220_v1;decision_surface=run02D_lgbm_short_only_direction_surface_hold9_slice200_220;variant_mode=short_only;context_gate=NA;session_slice=mid_second_overlap_200_220;max_hold_bars=9;tier_b_fallback_rows=696;no_tier_labelable_rows=0;tier_a_signal_coverage=0.0752427;tier_b_signal_coverage=0.0747126;combined_signal_coverage=0.0751397;validation_net_profit=-18.33;validation_pf=0.89;validation_b_fallback_used=152;oos_net_profit=-211.48;oos_pf=0.31;oos_b_fallback_used=64;external_verification=completed;boundary=mt5_runtime_probe_only
run02E_lgbm_extreme_confidence_rejection_v1,11_alpha_robustness__wfo_label_horizon_sensitivity,alpha_confidence_rejection_scout,reviewed,inconclusive_extreme_confidence_mt5_runtime_probe_completed,stages/11_alpha_robustness__wfo_label_horizon_sensitivity/02_runs/run02E_lgbm_extreme_confidence_rejection_v1,idea_id=IDEA-ST11-LGBM-EXTREME-CONFIDENCE;model_family=lightgbm_lgbmclassifier_multiclass;comparison_reference=run01Y_logreg_a_base_no_fallback_hold9_session_mid_second_overlap_200_220_v1;decision_surface=run02E_lgbm_extreme_confidence_surface_hold9_slice200_220;variant_mode=extreme_confidence;context_gate=NA;session_slice=mid_second_overlap_200_220;max_hold_bars=9;tier_b_fallback_rows=696;no_tier_labelable_rows=0;tier_a_signal_coverage=0.020111;tier_b_signal_coverage=0.123563;combined_signal_coverage=0.0402235;validation_net_profit=-115.17;validation_pf=0.31;validation_b_fallback_used=152;oos_net_profit=-6.35;oos_pf=0.96;oos_b_fallback_used=64;external_verification=completed;boundary=mt5_runtime_probe_only
run02F_lgbm_calm_trend_context_gate_v1,11_alpha_robustness__wfo_label_horizon_sensitivity,alpha_context_gate_scout,reviewed,inconclusive_context_gate_mt5_runtime_probe_completed,stages/11_alpha_robustness__wfo_label_horizon_sensitivity/02_runs/run02F_lgbm_calm_trend_context_gate_v1,idea_id=IDEA-ST11-LGBM-CALM-TREND-GATE;model_family=lightgbm_lgbmclassifier_multiclass;comparison_reference=run01Y_logreg_a_base_no_fallback_hold9_session_mid_second_overlap_200_220_v1;decision_surface=run02F_lgbm_calm_trend_context_gate_surface_hold9_slice200_220;variant_mode=context_gate;context_gate=adx14_gte25_hvol5over20_lte125;session_slice=mid_second_overlap_200_220;max_hold_bars=9;tier_b_fallback_rows=62;no_tier_labelable_rows=0;tier_a_signal_coverage=0.125843;tier_b_signal_coverage=0.0967742;combined_signal_coverage=0.122288;validation_net_profit=-234.03;validation_pf=0.46;validation_b_fallback_used=44;oos_net_profit=-163.22;oos_pf=0.41;oos_b_fallback_used=18;external_verification=completed;boundary=mt5_runtime_probe_only
run02G_lgbm_long_pullback_salvage_v1,11_alpha_robustness__wfo_label_horizon_sensitivity,alpha_context_direction_scout,reviewed,inconclusive_long_pullback_mt5_runtime_probe_completed,stages/11_alpha_robustness__wfo_label_horizon_sensitivity/02_runs/run02G_lgbm_long_pullback_salvage_v1,idea_id=IDEA-ST11-LGBM-LONG-PULLBACK;model_family=lightgbm_lgbmclassifier_multiclass;comparison_reference=run01Y_logreg_a_base_no_fallback_hold9_session_mid_second_overlap_200_220_v1;decision_surface=run02G_lgbm_long_pullback_surface_hold9_slice200_220;variant_mode=long_pullback;allowed_side=long;context_gate=rsi14_lte45_bbpos_lte45;session_slice=mid_second_overlap_200_220;max_hold_bars=9;tier_b_fallback_rows=30;no_tier_labelable_rows=0;tier_a_signal_coverage=0.141618;tier_b_signal_coverage=0.1;combined_signal_coverage=0.138298;validation_net_profit=-138.39;validation_pf=0.54;validation_b_fallback_used=21;oos_net_profit=238.68;oos_pf=3.44;oos_b_fallback_used=9;external_verification=completed;boundary=mt5_runtime_probe_only
run02H_lgbm_bull_trend_long_v1,11_alpha_robustness__wfo_label_horizon_sensitivity,alpha_context_direction_scout,reviewed,inconclusive_bull_trend_long_mt5_runtime_probe_completed,stages/11_alpha_robustness__wfo_label_horizon_sensitivity/02_runs/run02H_lgbm_bull_trend_long_v1,idea_id=IDEA-ST11-LGBM-BULL-TREND-LONG;model_family=lightgbm_lgbmclassifier_multiclass;comparison_reference=run01Y_logreg_a_base_no_fallback_hold9_session_mid_second_overlap_200_220_v1;decision_surface=run02H_lgbm_bull_trend_long_surface_hold9_slice200_220;variant_mode=bull_trend_long;allowed_side=long;context_gate=adx14_gte20_di_spread_gt0;session_slice=mid_second_overlap_200_220;max_hold_bars=9;tier_b_fallback_rows=66;no_tier_labelable_rows=0;tier_a_signal_coverage=0.0714286;tier_b_signal_coverage=0.0454545;combined_signal_coverage=0.0666667;validation_net_profit=-210.68;validation_pf=0.19;validation_b_fallback_used=47;oos_net_profit=11.52;oos_pf=1.21;oos_b_fallback_used=19;external_verification=completed;boundary=mt5_runtime_probe_only
run02I_lgbm_low_vol_extreme_confidence_v1,11_alpha_robustness__wfo_label_horizon_sensitivity,alpha_context_confidence_scout,reviewed,inconclusive_low_vol_extreme_confidence_mt5_runtime_probe_completed,stages/11_alpha_robustness__wfo_label_horizon_sensitivity/02_runs/run02I_lgbm_low_vol_extreme_confidence_v1,idea_id=IDEA-ST11-LGBM-LOW-VOL-EXTREME-CONFIDENCE;model_family=lightgbm_lgbmclassifier_multiclass;comparison_reference=run01Y_logreg_a_base_no_fallback_hold9_session_mid_second_overlap_200_220_v1;decision_surface=run02I_lgbm_low_vol_extreme_confidence_surface_hold9_slice200_220;variant_mode=low_vol_extreme_confidence;allowed_side=both;context_gate=hvol5over20_lte90_atr_lte115;session_slice=mid_second_overlap_200_220;max_hold_bars=9;tier_b_fallback_rows=132;no_tier_labelable_rows=0;tier_a_signal_coverage=0.0311804;tier_b_signal_coverage=0.030303;combined_signal_coverage=0.0309811;validation_net_profit=-509.12;validation_pf=0;validation_b_fallback_used=18;oos_net_profit=-231.42;oos_pf=0;oos_b_fallback_used=38;external_verification=completed;boundary=mt5_runtime_probe_only
run02J_lgbm_balanced_midband_context_v1,11_alpha_robustness__wfo_label_horizon_sensitivity,alpha_context_gate_scout,reviewed,inconclusive_balanced_midband_mt5_runtime_probe_completed,stages/11_alpha_robustness__wfo_label_horizon_sensitivity/02_runs/run02J_lgbm_balanced_midband_context_v1,idea_id=IDEA-ST11-LGBM-BALANCED-MIDBAND;model_family=lightgbm_lgbmclassifier_multiclass;comparison_reference=run01Y_logreg_a_base_no_fallback_hold9_session_mid_second_overlap_200_220_v1;decision_surface=run02J_lgbm_balanced_midband_surface_hold9_slice200_220;variant_mode=balanced_midband;allowed_side=both;context_gate=rsi14_between45_60_bbpos_between35_75;session_slice=mid_second_overlap_200_220;max_hold_bars=9;tier_b_fallback_rows=67;no_tier_labelable_rows=0;tier_a_signal_coverage=0.0744681;tier_b_signal_coverage=0.0447761;combined_signal_coverage=0.0687679;validation_net_profit=70.1;validation_pf=1.29;validation_b_fallback_used=48;oos_net_profit=-121.32;oos_pf=0.55;oos_b_fallback_used=19;external_verification=completed;boundary=mt5_runtime_probe_only
run02K_lgbm_quiet_return_zscore_v1,11_alpha_robustness__wfo_label_horizon_sensitivity,alpha_context_gate_scout,reviewed,inconclusive_quiet_return_zscore_mt5_runtime_probe_completed,stages/11_alpha_robustness__wfo_label_horizon_sensitivity/02_runs/run02K_lgbm_quiet_return_zscore_v1,idea_id=IDEA-ST11-LGBM-QUIET-RETURN-ZSCORE;model_family=lightgbm_lgbmclassifier_multiclass;comparison_reference=run01Y_logreg_a_base_no_fallback_hold9_session_mid_second_overlap_200_220_v1;decision_surface=run02K_lgbm_quiet_return_zscore_surface_hold9_slice200_220;variant_mode=quiet_return_zscore;allowed_side=both;context_gate=return_zscore_abs_lte70;session_slice=mid_second_overlap_200_220;max_hold_bars=9;tier_b_fallback_rows=136;no_tier_labelable_rows=0;tier_a_signal_coverage=0.0785714;tier_b_signal_coverage=0.0367647;combined_signal_coverage=0.0704023;validation_net_profit=-496.54;validation_pf=0.02;validation_b_fallback_used=26;oos_net_profit=-494.23;oos_pf=0.19;oos_b_fallback_used=38;external_verification=completed;boundary=mt5_runtime_probe_only
run02L_lgbm_range_compression_v1,11_alpha_robustness__wfo_label_horizon_sensitivity,alpha_context_gate_scout,reviewed,inconclusive_range_compression_mt5_runtime_probe_completed,stages/11_alpha_robustness__wfo_label_horizon_sensitivity/02_runs/run02L_lgbm_range_compression_v1,idea_id=IDEA-ST11-LGBM-RANGE-COMPRESSION;model_family=lightgbm_lgbmclassifier_multiclass;comparison_reference=run01Y_logreg_a_base_no_fallback_hold9_session_mid_second_overlap_200_220_v1;decision_surface=run02L_lgbm_range_compression_surface_hold9_slice200_220;variant_mode=range_compression;allowed_side=both;context_gate=di_spread_abs_lte8_adx_lte25;session_slice=mid_second_overlap_200_220;max_hold_bars=9;tier_b_fallback_rows=98;no_tier_labelable_rows=0;tier_a_signal_coverage=0.0485175;tier_b_signal_coverage=0.0408163;combined_signal_coverage=0.0469083;validation_net_profit=-352.49;validation_pf=0.34;validation_b_fallback_used=70;oos_net_profit=-250.36;oos_pf=0.05;oos_b_fallback_used=28;external_verification=completed;boundary=mt5_runtime_probe_only
run02M_lgbm_high_vol_momentum_alignment_v1,11_alpha_robustness__wfo_label_horizon_sensitivity,alpha_context_momentum_scout,reviewed,inconclusive_high_vol_momentum_alignment_mt5_runtime_probe_completed,stages/11_alpha_robustness__wfo_label_horizon_sensitivity/02_runs/run02M_lgbm_high_vol_momentum_alignment_v1,idea_id=IDEA-ST11-LGBM-HIGH-VOL-MOMENTUM-ALIGN;model_family=lightgbm_lgbmclassifier_multiclass;comparison_reference=run01Y_logreg_a_base_no_fallback_hold9_session_mid_second_overlap_200_220_v1;decision_surface=run02M_lgbm_high_vol_momentum_alignment_surface_hold9_slice200_220;variant_mode=high_vol_momentum_alignment;allowed_side=both;context_gate=atr_ratio_gte115_momentum_align;session_slice=mid_second_overlap_200_220;max_hold_bars=9;tier_b_fallback_rows=26;no_tier_labelable_rows=0;tier_a_signal_coverage=0.201807;tier_b_signal_coverage=0.115385;combined_signal_coverage=0.195531;validation_net_profit=-496.38;validation_pf=0.25;validation_b_fallback_used=4;oos_net_profit=-305.93;oos_pf=0.31;oos_b_fallback_used=8;external_verification=completed;boundary=mt5_runtime_probe_only
run02N_lgbm_squeeze_breakout_probe_v1,11_alpha_robustness__wfo_label_horizon_sensitivity,alpha_context_momentum_scout,reviewed,inconclusive_squeeze_breakout_mt5_runtime_probe_completed,stages/11_alpha_robustness__wfo_label_horizon_sensitivity/02_runs/run02N_lgbm_squeeze_breakout_probe_v1,idea_id=IDEA-ST11-LGBM-SQUEEZE-BREAKOUT;model_family=lightgbm_lgbmclassifier_multiclass;comparison_reference=run01Y_logreg_a_base_no_fallback_hold9_session_mid_second_overlap_200_220_v1;decision_surface=run02N_lgbm_squeeze_breakout_surface_hold9_slice200_220;variant_mode=squeeze_breakout;allowed_side=both;context_gate=bb_squeeze_true;session_slice=mid_second_overlap_200_220;max_hold_bars=9;tier_b_fallback_rows=45;no_tier_labelable_rows=0;tier_a_signal_coverage=0.0687831;tier_b_signal_coverage=0.0666667;combined_signal_coverage=0.0683761;validation_net_profit=-125.51;validation_pf=0.62;validation_b_fallback_used=31;oos_net_profit=107.14;oos_pf=55.11;oos_b_fallback_used=14;external_verification=completed;boundary=mt5_runtime_probe_only
run02O_lgbm_bull_vortex_long_v1,11_alpha_robustness__wfo_label_horizon_sensitivity,alpha_context_direction_scout,reviewed,inconclusive_bull_vortex_long_mt5_runtime_probe_completed,stages/11_alpha_robustness__wfo_label_horizon_sensitivity/02_runs/run02O_lgbm_bull_vortex_long_v1,idea_id=IDEA-ST11-LGBM-BULL-VORTEX-LONG;model_family=lightgbm_lgbmclassifier_multiclass;comparison_reference=run01Y_logreg_a_base_no_fallback_hold9_session_mid_second_overlap_200_220_v1;decision_surface=run02O_lgbm_bull_vortex_long_surface_hold9_slice200_220;variant_mode=bull_vortex_long;allowed_side=long;context_gate=vortex_positive_rsi50_gte50;session_slice=mid_second_overlap_200_220;max_hold_bars=9;tier_b_fallback_rows=120;no_tier_labelable_rows=0;tier_a_signal_coverage=0.0437158;tier_b_signal_coverage=0.0166667;combined_signal_coverage=0.037037;validation_net_profit=-86.88;validation_pf=0.55;validation_b_fallback_used=89;oos_net_profit=6.04;oos_pf=1.2;oos_b_fallback_used=31;external_verification=completed;boundary=mt5_runtime_probe_only
run02P_lgbm_bear_vortex_short_v1,11_alpha_robustness__wfo_label_horizon_sensitivity,alpha_context_direction_scout,reviewed,inconclusive_bear_vortex_short_mt5_runtime_probe_completed,stages/11_alpha_robustness__wfo_label_horizon_sensitivity/02_runs/run02P_lgbm_bear_vortex_short_v1,idea_id=IDEA-ST11-LGBM-BEAR-VORTEX-SHORT;model_family=lightgbm_lgbmclassifier_multiclass;comparison_reference=run01Y_logreg_a_base_no_fallback_hold9_session_mid_second_overlap_200_220_v1;decision_surface=run02P_lgbm_bear_vortex_short_surface_hold9_slice200_220;variant_mode=bear_vortex_short;allowed_side=short;context_gate=vortex_negative_rsi50_lte50;session_slice=mid_second_overlap_200_220;max_hold_bars=9;tier_b_fallback_rows=36;no_tier_labelable_rows=0;tier_a_signal_coverage=0.0885417;tier_b_signal_coverage=0.0277778;combined_signal_coverage=0.0833333;validation_net_profit=1.78;validation_pf=1.02;validation_b_fallback_used=26;oos_net_profit=24.33;oos_pf=1.37;oos_b_fallback_used=10;external_verification=completed;boundary=mt5_runtime_probe_only
run02Q_lgbm_bear_vortex_short_density_v1,11_alpha_robustness__wfo_label_horizon_sensitivity,alpha_context_direction_scout,reviewed,inconclusive_bear_vortex_short_density_mt5_runtime_probe_completed,stages/11_alpha_robustness__wfo_label_horizon_sensitivity/02_runs/run02Q_lgbm_bear_vortex_short_density_v1,idea_id=IDEA-ST11-LGBM-BEAR-VORTEX-SHORT-DENSITY;model_family=lightgbm_lgbmclassifier_multiclass;comparison_reference=run01Y_logreg_a_base_no_fallback_hold9_session_mid_second_overlap_200_220_v1;decision_surface=run02Q_lgbm_bear_vortex_short_density_surface_hold9_slice200_220;variant_mode=bear_vortex_short_density;allowed_side=short;context_gate=vortex_negative;session_slice=mid_second_overlap_200_220;max_hold_bars=9;tier_b_fallback_rows=74;no_tier_labelable_rows=0;tier_a_signal_coverage=0.157795;tier_b_signal_coverage=0.0675676;combined_signal_coverage=0.146667;validation_net_profit=-139.28;validation_pf=0.62;validation_b_fallback_used=51;oos_net_profit=-140.58;oos_pf=0.54;oos_b_fallback_used=23;external_verification=completed;boundary=mt5_runtime_probe_only
run02R_lgbm_long_pullback_adx_repair_v1,11_alpha_robustness__wfo_label_horizon_sensitivity,alpha_context_direction_scout,reviewed,inconclusive_long_pullback_adx_repair_mt5_runtime_probe_completed,stages/11_alpha_robustness__wfo_label_horizon_sensitivity/02_runs/run02R_lgbm_long_pullback_adx_repair_v1,idea_id=IDEA-ST11-LGBM-LONG-PULLBACK-ADX-REPAIR;model_family=lightgbm_lgbmclassifier_multiclass;comparison_reference=run01Y_logreg_a_base_no_fallback_hold9_session_mid_second_overlap_200_220_v1;decision_surface=run02R_lgbm_long_pullback_adx_repair_surface_hold9_slice200_220;variant_mode=long_pullback_adx_repair;allowed_side=long;context_gate=rsi14_lte42_bbpos_lte40_adx14_gte18;session_slice=mid_second_overlap_200_220;max_hold_bars=9;tier_b_fallback_rows=13;no_tier_labelable_rows=0;tier_a_signal_coverage=0.21519;tier_b_signal_coverage=0.230769;combined_signal_coverage=0.216;validation_net_profit=275.78;validation_pf=2.44;validation_b_fallback_used=8;oos_net_profit=-82.01;oos_pf=0.74;oos_b_fallback_used=5;external_verification=completed;boundary=mt5_runtime_probe_only
run02S_lgbm_squeeze_density_v1,11_alpha_robustness__wfo_label_horizon_sensitivity,alpha_context_momentum_scout,reviewed,inconclusive_squeeze_density_mt5_runtime_probe_completed,stages/11_alpha_robustness__wfo_label_horizon_sensitivity/02_runs/run02S_lgbm_squeeze_density_v1,idea_id=IDEA-ST11-LGBM-SQUEEZE-DENSITY;model_family=lightgbm_lgbmclassifier_multiclass;comparison_reference=run01Y_logreg_a_base_no_fallback_hold9_session_mid_second_overlap_200_220_v1;decision_surface=run02S_lgbm_squeeze_density_surface_hold9_slice200_220;variant_mode=squeeze_density;allowed_side=both;context_gate=bb_squeeze_or_bwidth_lte0030;session_slice=mid_second_overlap_200_220;max_hold_bars=9;tier_b_fallback_rows=102;no_tier_labelable_rows=0;tier_a_signal_coverage=0.0646259;tier_b_signal_coverage=0.0686275;combined_signal_coverage=0.0656566;validation_net_profit=-2.5;validation_pf=0.99;validation_b_fallback_used=81;oos_net_profit=32.56;oos_pf=1.69;oos_b_fallback_used=21;external_verification=completed;boundary=mt5_runtime_probe_only
run02T_label_horizon_priority_probe_v1,11_alpha_robustness__wfo_label_horizon_sensitivity,alpha_label_horizon_structural_scout,reviewed,horizon_shift_worth_retraining_probe,stages/11_alpha_robustness__wfo_label_horizon_sensitivity/02_runs/run02T_label_horizon_priority_probe_v1,"Priority 1 structural probe; structural relabel probe(구조 재라벨 탐침) only(전용); no retraining(재학습 없음), no MT5 runtime claim(MT5 런타임 주장 없음)."
run02U_wfo_lite_priority_probe_v1,11_alpha_robustness__wfo_label_horizon_sensitivity,alpha_wfo_lite_structural_scout,reviewed,wfo_lite_density_insufficient_for_full_wfo,stages/11_alpha_robustness__wfo_label_horizon_sensitivity/02_runs/run02U_wfo_lite_priority_probe_v1,Priority 2 structural probe; window segmentation probe(구간 분할 탐침) only(전용); not a retrained WFO(재학습 워크포워드 최적화 아님).
run02V_short_specific_priority_probe_v1,11_alpha_robustness__wfo_label_horizon_sensitivity,alpha_short_specific_structural_scout,reviewed,short_specific_probe_inconclusive,stages/11_alpha_robustness__wfo_label_horizon_sensitivity/02_runs/run02V_short_specific_priority_probe_v1,"Priority 3 structural probe; existing short-surface comparison(기존 숏 표면 비교) only(전용); no new model(새 모델 없음), no new MT5 run(새 MT5 실행 없음)."
run02W_lgbm_fwd18_retrain_v1,11_alpha_robustness__wfo_label_horizon_sensitivity,alpha_label_horizon_retrain_scout,reviewed,inconclusive_label_horizon_fwd18_retrain_scout_mt5_runtime_probe_completed,stages/11_alpha_robustness__wfo_label_horizon_sensitivity/02_runs/run02W_lgbm_fwd18_retrain_v1,model_family=lightgbm_lgbmclassifier_multiclass;comparison_reference=run01Y_logreg_a_base_no_fallback_hold9_session_mid_second_overlap_200_220_v1;decision_surface=run02W_lgbm_fwd18_retrain_short0600_long0450_margin000_hold9_slice200_220;session_slice=mid_second_overlap_200_220;max_hold_bars=9;tier_b_fallback_rows=696;no_tier_labelable_rows=0;tier_a_signal_coverage=0.292302;tier_b_signal_coverage=0.188218;combined_signal_coverage=0.272067;validation_net_profit=-496.25;validation_pf=0.28;validation_b_fallback_used=32;oos_net_profit=-216.12;oos_pf=0.67;oos_b_fallback_used=64;external_verification=completed;boundary=mt5_runtime_probe_only
run02X_lgbm_fwd18_rank_threshold_v1,11_alpha_robustness__wfo_label_horizon_sensitivity,alpha_label_horizon_threshold_scout,payload_only,inconclusive_label_horizon_fwd18_rank_threshold_payload,stages/11_alpha_robustness__wfo_label_horizon_sensitivity/02_runs/run02X_lgbm_fwd18_rank_threshold_v1,model_family=lightgbm_lgbmclassifier_multiclass;comparison_reference=run01Y_logreg_a_base_no_fallback_hold9_session_mid_second_overlap_200_220_v1;decision_surface=run02X_lgbm_fwd18_rank_target_threshold_surface_hold9_slice200_220;threshold_method=rank_target_quantile;routed_attempt_policy=routed_only;session_slice=mid_second_overlap_200_220;max_hold_bars=9;tier_b_fallback_rows=696;no_tier_labelable_rows=0;tier_a_signal_coverage=0.113384;tier_b_signal_coverage=0.235632;combined_signal_coverage=0.137151;validation_net_profit=NA;validation_pf=NA;validation_b_fallback_used=NA;oos_net_profit=NA;oos_pf=NA;oos_b_fallback_used=NA;external_verification=out_of_scope_by_claim;boundary=mt5_runtime_probe_only
run02Y_lgbm_fwd18_inverse_rank_threshold_v1,11_alpha_robustness__wfo_label_horizon_sensitivity,alpha_label_horizon_inverse_threshold_scout,payload_only,inconclusive_label_horizon_fwd18_inverse_rank_threshold_payload,stages/11_alpha_robustness__wfo_label_horizon_sensitivity/02_runs/run02Y_lgbm_fwd18_inverse_rank_threshold_v1,model_family=lightgbm_lgbmclassifier_multiclass;comparison_reference=run01Y_logreg_a_base_no_fallback_hold9_session_mid_second_overlap_200_220_v1;decision_surface=run02Y_lgbm_fwd18_inverse_rank_threshold_surface_hold9_slice200_220;threshold_method=rank_target_quantile;decision_direction_mode=inverse;routed_attempt_policy=routed_only;session_slice=mid_second_overlap_200_220;max_hold_bars=9;tier_b_fallback_rows=696;no_tier_labelable_rows=0;tier_a_signal_coverage=0.113384;tier_b_signal_coverage=0.235632;combined_signal_coverage=0.137151;validation_net_profit=NA;validation_pf=NA;validation_b_fallback_used=NA;oos_net_profit=NA;oos_pf=NA;oos_b_fallback_used=NA;external_verification=out_of_scope_by_claim;boundary=mt5_runtime_probe_only
run02Z_lgbm_fwd18_inverse_rank_context_v1,11_alpha_robustness__wfo_label_horizon_sensitivity,alpha_label_horizon_inverse_context_scout,reviewed,positive_tiny_sample_label_horizon_fwd18_inverse_rank_context_mt5_runtime_probe_completed,stages/11_alpha_robustness__wfo_label_horizon_sensitivity/02_runs/run02Z_lgbm_fwd18_inverse_rank_context_v1,model_family=lightgbm_lgbmclassifier_multiclass;comparison_reference=run01Y_logreg_a_base_no_fallback_hold9_session_mid_second_overlap_200_220_v1;decision_surface=run02Z_lgbm_fwd18_inverse_rank_context_di_spread_adx_surface_hold9_slice200_220;threshold_method=rank_target_quantile;decision_direction_mode=inverse;context_gate=di_spread_abs_lte8_adx_lte25;routed_attempt_policy=routed_only;session_slice=mid_second_overlap_200_220;max_hold_bars=9;tier_b_fallback_rows=98;no_tier_labelable_rows=0;tier_a_signal_coverage=0.0539084;tier_b_signal_coverage=0.0918367;combined_signal_coverage=0.0618337;validation_net_profit=386.06;validation_pf=7.25;validation_b_fallback_used=70;oos_net_profit=352.63;oos_pf=52.03;oos_b_fallback_used=28;external_verification=completed;boundary=mt5_runtime_probe_only
run02AA_lgbm_fwd18_inverse_rank_context_adx20_routed_v1,11_alpha_robustness__wfo_label_horizon_sensitivity,alpha_label_horizon_inverse_context_stress,reviewed,inconclusive_label_horizon_fwd18_inverse_rank_context_stress_mt5_runtime_probe_completed,stages/11_alpha_robustness__wfo_label_horizon_sensitivity/02_runs/run02AA_lgbm_fwd18_inverse_rank_context_adx20_routed_v1,model_family=lightgbm_lgbmclassifier_multiclass;comparison_reference=run01Y_logreg_a_base_no_fallback_hold9_session_mid_second_overlap_200_220_v1;decision_surface=run02AA_fwd18_inverse_rank_context_adx20_routed;threshold_method=rank_target_quantile;decision_direction_mode=inverse;context_gate=di_spread_abs_lte8_adx_lte20;routed_attempt_policy=tier_a_primary_tier_b_fallback;session_slice=mid_second_overlap_200_220;max_hold_bars=9;tier_b_fallback_rows=77;no_tier_labelable_rows=0;tier_a_signal_coverage=0.04;tier_b_signal_coverage=0.0779221;combined_signal_coverage=0.0489297;validation_net_profit=480.75;validation_pf=446.14;validation_b_fallback_used=59;oos_net_profit=31.62;oos_pf=2.8;oos_b_fallback_used=18;external_verification=completed;boundary=mt5_runtime_probe_only
run02AB_lgbm_fwd18_inverse_rank_context_adx30_routed_v1,11_alpha_robustness__wfo_label_horizon_sensitivity,alpha_label_horizon_inverse_context_stress,reviewed,inconclusive_label_horizon_fwd18_inverse_rank_context_stress_mt5_runtime_probe_completed,stages/11_alpha_robustness__wfo_label_horizon_sensitivity/02_runs/run02AB_lgbm_fwd18_inverse_rank_context_adx30_routed_v1,model_family=lightgbm_lgbmclassifier_multiclass;comparison_reference=run01Y_logreg_a_base_no_fallback_hold9_session_mid_second_overlap_200_220_v1;decision_surface=run02AB_fwd18_inverse_rank_context_adx30_routed;threshold_method=rank_target_quantile;decision_direction_mode=inverse;context_gate=di_spread_abs_lte8_adx_lte30;routed_attempt_policy=tier_a_primary_tier_b_fallback;session_slice=mid_second_overlap_200_220;max_hold_bars=9;tier_b_fallback_rows=101;no_tier_labelable_rows=0;tier_a_signal_coverage=0.0533333;tier_b_signal_coverage=0.0990099;combined_signal_coverage=0.061706;validation_net_profit=377.02;validation_pf=13.47;validation_b_fallback_used=72;oos_net_profit=294.95;oos_pf=9.2;oos_b_fallback_used=29;external_verification=completed;boundary=mt5_runtime_probe_only
run02AC_lgbm_fwd18_inverse_rank_context_adx20_tier_a_only_v1,11_alpha_robustness__wfo_label_horizon_sensitivity,alpha_label_horizon_inverse_context_stress,reviewed,inconclusive_label_horizon_fwd18_inverse_rank_context_stress_mt5_runtime_probe_completed,stages/11_alpha_robustness__wfo_label_horizon_sensitivity/02_runs/run02AC_lgbm_fwd18_inverse_rank_context_adx20_tier_a_only_v1,model_family=lightgbm_lgbmclassifier_multiclass;comparison_reference=run01Y_logreg_a_base_no_fallback_hold9_session_mid_second_overlap_200_220_v1;decision_surface=run02AC_fwd18_inverse_rank_context_adx20_tier_a_only;threshold_method=rank_target_quantile;decision_direction_mode=inverse;context_gate=di_spread_abs_lte8_adx_lte20;routed_attempt_policy=tier_a_primary_no_fallback;session_slice=mid_second_overlap_200_220;max_hold_bars=9;tier_b_fallback_rows=77;no_tier_labelable_rows=0;tier_a_signal_coverage=0.04;tier_b_signal_coverage=0.0779221;combined_signal_coverage=0.0489297;validation_net_profit=253.37;validation_pf=3.61;validation_b_fallback_used=0;oos_net_profit=0;oos_pf=0;oos_b_fallback_used=0;external_verification=completed;boundary=mt5_runtime_probe_only
run02AD_lgbm_fwd18_inverse_rank_context_adx25_tier_a_only_v1,11_alpha_robustness__wfo_label_horizon_sensitivity,alpha_label_horizon_inverse_context_stress,reviewed,inconclusive_label_horizon_fwd18_inverse_rank_context_stress_mt5_runtime_probe_completed,stages/11_alpha_robustness__wfo_label_horizon_sensitivity/02_runs/run02AD_lgbm_fwd18_inverse_rank_context_adx25_tier_a_only_v1,model_family=lightgbm_lgbmclassifier_multiclass;comparison_reference=run01Y_logreg_a_base_no_fallback_hold9_session_mid_second_overlap_200_220_v1;decision_surface=run02AD_fwd18_inverse_rank_context_adx25_tier_a_only;threshold_method=rank_target_quantile;decision_direction_mode=inverse;context_gate=di_spread_abs_lte8_adx_lte25;routed_attempt_policy=tier_a_primary_no_fallback;session_slice=mid_second_overlap_200_220;max_hold_bars=9;tier_b_fallback_rows=98;no_tier_labelable_rows=0;tier_a_signal_coverage=0.0539084;tier_b_signal_coverage=0.0918367;combined_signal_coverage=0.0618337;validation_net_profit=438.21;validation_pf=8.67;validation_b_fallback_used=0;oos_net_profit=241.95;oos_pf=0;oos_b_fallback_used=0;external_verification=completed;boundary=mt5_runtime_probe_only
run02AE_lgbm_fwd18_inverse_rank_context_adx30_tier_a_only_v1,11_alpha_robustness__wfo_label_horizon_sensitivity,alpha_label_horizon_inverse_context_stress,reviewed,inconclusive_label_horizon_fwd18_inverse_rank_context_stress_mt5_runtime_probe_completed,stages/11_alpha_robustness__wfo_label_horizon_sensitivity/02_runs/run02AE_lgbm_fwd18_inverse_rank_context_adx30_tier_a_only_v1,model_family=lightgbm_lgbmclassifier_multiclass;comparison_reference=run01Y_logreg_a_base_no_fallback_hold9_session_mid_second_overlap_200_220_v1;decision_surface=run02AE_fwd18_inverse_rank_context_adx30_tier_a_only;threshold_method=rank_target_quantile;decision_direction_mode=inverse;context_gate=di_spread_abs_lte8_adx_lte30;routed_attempt_policy=tier_a_primary_no_fallback;session_slice=mid_second_overlap_200_220;max_hold_bars=9;tier_b_fallback_rows=101;no_tier_labelable_rows=0;tier_a_signal_coverage=0.0533333;tier_b_signal_coverage=0.0990099;combined_signal_coverage=0.061706;validation_net_profit=397.54;validation_pf=17.29;validation_b_fallback_used=0;oos_net_profit=239.77;oos_pf=0;oos_b_fallback_used=0;external_verification=completed;boundary=mt5_runtime_probe_only
run02AF_lgbm_fwd18_source_session_190_210_v1,11_alpha_robustness__wfo_label_horizon_sensitivity,alpha_label_horizon_session_slice_source,reviewed,inconclusive_python_side_label_horizon_fwd18_session_source,stages/11_alpha_robustness__wfo_label_horizon_sensitivity/02_runs/run02AF_lgbm_fwd18_source_session_190_210_v1,model_family=lightgbm_lgbmclassifier_multiclass;comparison_reference=run01Y_logreg_a_base_no_fallback_hold9_session_mid_second_overlap_200_220_v1;decision_surface=run02AF_lgbm_fwd18_source_hold9_slice190_210;session_slice=mid_second_overlap_190_210;max_hold_bars=9;tier_b_fallback_rows=780;no_tier_labelable_rows=0;tier_a_signal_coverage=0.2825;tier_b_signal_coverage=0.189744;combined_signal_coverage=0.262291;validation_net_profit=NA;validation_pf=NA;validation_b_fallback_used=NA;oos_net_profit=NA;oos_pf=NA;oos_b_fallback_used=NA;external_verification=out_of_scope_by_claim;boundary=python_side_training_method_scout_only
run02AG_lgbm_fwd18_source_session_195_215_v1,11_alpha_robustness__wfo_label_horizon_sensitivity,alpha_label_horizon_session_slice_source,reviewed,inconclusive_python_side_label_horizon_fwd18_session_source,stages/11_alpha_robustness__wfo_label_horizon_sensitivity/02_runs/run02AG_lgbm_fwd18_source_session_195_215_v1,model_family=lightgbm_lgbmclassifier_multiclass;comparison_reference=run01Y_logreg_a_base_no_fallback_hold9_session_mid_second_overlap_200_220_v1;decision_surface=run02AG_lgbm_fwd18_source_hold9_slice195_215;session_slice=mid_second_overlap_195_215;max_hold_bars=9;tier_b_fallback_rows=708;no_tier_labelable_rows=0;tier_a_signal_coverage=0.283078;tier_b_signal_coverage=0.194915;combined_signal_coverage=0.265642;validation_net_profit=NA;validation_pf=NA;validation_b_fallback_used=NA;oos_net_profit=NA;oos_pf=NA;oos_b_fallback_used=NA;external_verification=out_of_scope_by_claim;boundary=python_side_training_method_scout_only
run02AH_lgbm_fwd18_source_session_205_225_v1,11_alpha_robustness__wfo_label_horizon_sensitivity,alpha_label_horizon_session_slice_source,reviewed,inconclusive_python_side_label_horizon_fwd18_session_source,stages/11_alpha_robustness__wfo_label_horizon_sensitivity/02_runs/run02AH_lgbm_fwd18_source_session_205_225_v1,model_family=lightgbm_lgbmclassifier_multiclass;comparison_reference=run01Y_logreg_a_base_no_fallback_hold9_session_mid_second_overlap_200_220_v1;decision_surface=run02AH_lgbm_fwd18_source_hold9_slice205_225;session_slice=mid_late_overlap_205_225;max_hold_bars=9;tier_b_fallback_rows=703;no_tier_labelable_rows=0;tier_a_signal_coverage=0.298679;tier_b_signal_coverage=0.169275;combined_signal_coverage=0.273261;validation_net_profit=NA;validation_pf=NA;validation_b_fallback_used=NA;oos_net_profit=NA;oos_pf=NA;oos_b_fallback_used=NA;external_verification=out_of_scope_by_claim;boundary=python_side_training_method_scout_only
run02AI_lgbm_fwd18_inverse_rank_context_session_190_210_v1,11_alpha_robustness__wfo_label_horizon_sensitivity,alpha_label_horizon_inverse_context_session_stress,reviewed,inconclusive_label_horizon_fwd18_inverse_rank_context_session_stress_mt5_runtime_probe_completed,stages/11_alpha_robustness__wfo_label_horizon_sensitivity/02_runs/run02AI_lgbm_fwd18_inverse_rank_context_session_190_210_v1,model_family=lightgbm_lgbmclassifier_multiclass;comparison_reference=run01Y_logreg_a_base_no_fallback_hold9_session_mid_second_overlap_200_220_v1;decision_surface=run02AI_fwd18_inverse_rank_context_adx25_session190_210;threshold_method=rank_target_quantile;decision_direction_mode=inverse;context_gate=di_spread_abs_lte8_adx_lte25;routed_attempt_policy=tier_a_primary_tier_b_fallback;session_slice=mid_second_overlap_190_210;max_hold_bars=9;tier_b_fallback_rows=98;no_tier_labelable_rows=0;tier_a_signal_coverage=0.0558659;tier_b_signal_coverage=0.0714286;combined_signal_coverage=0.0592105;validation_net_profit=587.28;validation_pf=10.61;validation_b_fallback_used=69;oos_net_profit=99.34;oos_pf=20.18;oos_b_fallback_used=29;external_verification=completed;boundary=mt5_runtime_probe_only
run02AJ_lgbm_fwd18_inverse_rank_context_session_195_215_v1,11_alpha_robustness__wfo_label_horizon_sensitivity,alpha_label_horizon_inverse_context_session_stress,reviewed,inconclusive_label_horizon_fwd18_inverse_rank_context_session_stress_mt5_runtime_probe_completed,stages/11_alpha_robustness__wfo_label_horizon_sensitivity/02_runs/run02AJ_lgbm_fwd18_inverse_rank_context_session_195_215_v1,model_family=lightgbm_lgbmclassifier_multiclass;comparison_reference=run01Y_logreg_a_base_no_fallback_hold9_session_mid_second_overlap_200_220_v1;decision_surface=run02AJ_fwd18_inverse_rank_context_adx25_session195_215;threshold_method=rank_target_quantile;decision_direction_mode=inverse;context_gate=di_spread_abs_lte8_adx_lte25;routed_attempt_policy=tier_a_primary_tier_b_fallback;session_slice=mid_second_overlap_195_215;max_hold_bars=9;tier_b_fallback_rows=95;no_tier_labelable_rows=0;tier_a_signal_coverage=0.058011;tier_b_signal_coverage=0.0842105;combined_signal_coverage=0.0634573;validation_net_profit=460.98;validation_pf=9.07;validation_b_fallback_used=68;oos_net_profit=227.12;oos_pf=10.91;oos_b_fallback_used=27;external_verification=completed;boundary=mt5_runtime_probe_only
run02AK_lgbm_fwd18_inverse_rank_context_session_205_225_v1,11_alpha_robustness__wfo_label_horizon_sensitivity,alpha_label_horizon_inverse_context_session_stress,reviewed,inconclusive_label_horizon_fwd18_inverse_rank_context_session_stress_mt5_runtime_probe_completed,stages/11_alpha_robustness__wfo_label_horizon_sensitivity/02_runs/run02AK_lgbm_fwd18_inverse_rank_context_session_205_225_v1,model_family=lightgbm_lgbmclassifier_multiclass;comparison_reference=run01Y_logreg_a_base_no_fallback_hold9_session_mid_second_overlap_200_220_v1;decision_surface=run02AK_fwd18_inverse_rank_context_adx25_session205_225;threshold_method=rank_target_quantile;decision_direction_mode=inverse;context_gate=di_spread_abs_lte8_adx_lte25;routed_attempt_policy=tier_a_primary_tier_b_fallback;session_slice=mid_late_overlap_205_225;max_hold_bars=9;tier_b_fallback_rows=112;no_tier_labelable_rows=0;tier_a_signal_coverage=0.0417755;tier_b_signal_coverage=0.0714286;combined_signal_coverage=0.0484848;validation_net_profit=308.7;validation_pf=6.31;validation_b_fallback_used=80;oos_net_profit=233.3;oos_pf=31.66;oos_b_fallback_used=32;external_verification=completed;boundary=mt5_runtime_probe_only
run03A_extratrees_fwd18_inverse_context_scout_v1,12_model_family_challenge__extratrees_training_effect,alpha_model_family_challenger,invalid_for_standalone_scope,invalid_scope_mismatch_for_requested_standalone_stage12,stages/12_model_family_challenge__extratrees_training_effect/02_runs/run03A_extratrees_fwd18_inverse_context_scout_v1,"RUN03A reused Stage 10/11 comparison and Stage 11 context surface; keep only as superseded scope-mismatch evidence, not standalone Stage 12 evidence."
run03B_et_standalone_fwd12_v1,12_model_family_challenge__extratrees_training_effect,standalone_model_family_training_effect,completed,inconclusive_standalone_extratrees_training_effect,stages/12_model_family_challenge__extratrees_training_effect/02_runs/run03B_et_standalone_fwd12_v1,model_family=sklearn_extratreesclassifier_multiclass;dataset_id=model_input_fpmarkets_v2_us100_m5_label_v1_fwd12_split_v1_proxyw58_feature_set_v2;threshold_method=standalone_validation_nonflat_confidence_q90;validation_signal_count=604;validation_hit_rate=0.3526490066225166;oos_signal_count=463;oos_hit_rate=0.42764578833693306;stage10_11_inheritance=false;external_verification=out_of_scope_by_claim;boundary=python_standalone_training_effect_only
run03C_et_standalone_mt5_runtime_probe_v1,12_model_family_challenge__extratrees_training_effect,standalone_mt5_runtime_probe,reviewed,inconclusive_standalone_extratrees_mt5_runtime_probe_completed,stages/12_model_family_challenge__extratrees_training_effect/02_runs/run03C_et_standalone_mt5_runtime_probe_v1,source_run=run03B_et_standalone_fwd12_v1;standalone_scope=1;stage10_11_inheritance=0;comparison_baseline=NA;threshold_method=standalone_validation_nonflat_confidence_q90;validation_net_profit=-13.18;validation_pf=0.98;validation_trades=120;oos_net_profit=249.57;oos_pf=1.69;oos_trades=89;external_verification=completed;boundary=runtime_probe_only
run03D_et_standalone_batch20_v1,12_model_family_challenge__extratrees_training_effect,standalone_python_batch20_structural_scout,completed,inconclusive_standalone_batch20_structural_scout,stages/12_model_family_challenge__extratrees_training_effect/02_runs/run03D_et_standalone_batch20_v1,run_number=run03D;run_label=stage12_Model__ExtraTreesStandaloneBatch20;variant_count=20;best_variant=v11_base_leaf20_q85;best_validation_hit_rate=0.392688;best_oos_hit_rate=0.457317;external_verification=out_of_scope_by_claim_standalone_python_structural_scout;notes=Stage12 standalone batch20; no Stage10/11 inheritance; best=v11_base_leaf20_q85 val_hit=0.392688 oos_hit=0.457317; external_verification=out_of_scope_by_claim
